1448470458935999995, 14.338684, -79.019165, -6.6589355
1448470458956141597, 14.338684, -78.83911, -6.7199707
1448470458976283198, 14.279175, -78.959656, -6.6589355
1448470458996516353, 14.099121, -78.959656, -6.5994263
1448470459016627437, 13.978577, -79.078674, -6.8389893
1448470459036708003, 13.859558, -79.13971, -6.7199707
1448470459056788569, 13.798523, -79.13971, -6.6589355
1448470459077021724, 13.798523, -79.31976, -6.5994263
1448470459097682124, 13.859558, -79.37927, -6.8389893
1448470459117274409, 13.919067, -79.618835, -6.8389893
1448470459137416011, 13.739014, -79.43878, -6.8984985
1448470459157527095, 13.859558, -79.618835, -6.8984985
1448470459177699214, 13.859558, -79.618835, -6.77948
1448470459197993403, 13.919067, -79.49982, -6.8984985
1448470459217921382, 13.919067, -79.49982, -6.7199707
1448470459238124019, 13.859558, -79.43878, -6.9595337
1448470459258265620, 13.919067, -79.31976, -6.5994263
1448470459278468257, 13.919067, -79.43878, -6.5994263
1448470459298640376, 13.978577, -79.37927, -6.298828
1448470459318690425, 14.099121, -79.25873, -6.3598633
1448470459338801509, 14.279175, -79.25873, -6.3598633
1448470459358943110, 14.338684, -79.19922, -6.4193726
1448470459379115229, 14.338684, -79.078674, -6.6589355
1448470459399806147, 14.279175, -79.078674, -6.4193726
1448470459419459468, 14.279175, -79.25873, -6.5994263
1448470459439631587, 14.279175, -79.25873, -6.478882
1448470459459773188, 14.279175, -79.43878, -6.539917
1448470459479823237, 14.338684, -79.31976, -6.3598633
1448470459500147944, 14.219666, -79.25873, -6.1798096
1448470459520075923, 14.099121, -79.31976, -6.1798096
1448470459540351793, 14.099121, -79.43878, -6.1187744
1448470459560523912, 13.919067, -79.31976, -6.4193726
1448470459580665514, 13.859558, -79.19922, -6.239319
1448470459600868150, 13.978577, -78.7796, -6.1798096
1448470459621070787, 14.219666, -78.71857, -6.239319
1448470459641273424, 14.15863, -78.89862, -6.4193726
1448470459661231920, 14.219666, -79.078674, -6.4193726
1448470459681434557, 13.978577, -78.959656, -6.1798096
1448470459702125475, 14.099121, -78.83911, -6.239319
1448470459721626207, 14.279175, -78.959656, -6.1187744
1448470459741798326, 14.518738, -78.959656, -6.4193726
1448470459761878893, 14.4592285, -79.49982, -6.539917
1448470459782081529, 14.338684, -79.43878, -6.7199707
1448470459802345201, 14.219666, -79.19922, -6.539917
1448470459822273180, 14.219666, -78.89862, -6.6589355
1448470459842475816, 14.639282, -79.078674, -6.8389893
1448470459862617418, 14.6987915, -79.13971, -6.7199707
1448470459882759020, 14.579773, -78.89862, -6.7199707
1448470459902961656, 14.399719, -79.078674, -6.478882
1448470459923042223, 14.399719, -78.71857, -6.3598633
1448470459943189999, 14.219666, -78.65906, -6.239319
1448470459963331601, 14.219666, -78.65906, -6.478882
1448470459983473202, 14.279175, -78.53851, -6.478882
1448470460004164120, 14.039612, -78.419495, -6.5994263
1448470460023847958, 13.978577, -78.53851, -6.7199707
1448470460044050595, 14.039612, -78.71857, -6.77948
1448470460064131161, 13.798523, -78.65906, -6.7199707
1448470460084272763, 13.619995, -78.53851, -6.8389893
1448470460104536435, 13.798523, -78.83911, -6.8389893
1448470460124555966, 13.739014, -78.83911, -6.77948
1448470460144697568, 13.798523, -78.959656, -6.5994263
1448470460164839169, 13.859558, -79.13971, -6.298828
1448470460184980771, 13.859558, -79.078674, -6.059265
1448470460205183407, 14.15863, -78.959656, -6.239319
1448470460225263974, 14.399719, -78.65906, -6.4193726
1448470460245405575, 14.579773, -78.71857, -6.539917
1448470460265516659, 14.4592285, -78.479004, -6.4193726
1448470460285627743, 14.579773, -78.7796, -6.4193726
1448470460306288144, 14.518738, -78.7796, -6.478882
1448470460325910947, 14.518738, -78.71857, -6.539917
1448470460346052548, 14.279175, -78.53851, -6.7199707
1448470460366163632, 13.919067, -78.479004, -6.539917
1448470460386305234, 13.859558, -78.7796, -6.4193726
1448470460406568905, 13.739014, -78.959656, -6.478882
1448470460426618954, 13.619995, -79.019165, -6.77948
1448470460446791073, 13.499451, -78.89862, -6.77948
1448470460466963193, 13.55896, -78.89862, -6.8984985
1448470460487104794, 13.499451, -78.959656, -6.8984985
1448470460507307431, 13.679504, -78.959656, -7.1990967
1448470460527265927, 13.679504, -79.13971, -7.019043
1448470460547407529, 13.619995, -79.078674, -7.019043
1448470460567579648, 13.739014, -78.959656, -6.9595337
1448470460587721249, 13.679504, -78.83911, -6.8984985
1448470460608381650, 13.739014, -78.89862, -6.8984985
1448470460628004452, 13.55896, -79.019165, -6.9595337
1448470460648207089, 13.739014, -79.078674, -7.1990967
1448470460668379208, 13.798523, -79.078674, -6.8389893
1448470460688490292, 13.919067, -79.019165, -7.0785522
1448470460708753964, 14.099121, -78.959656, -7.1990967
1448470460728846910, 13.919067, -79.078674, -7.019043
1448470460749019029, 14.099121, -79.13971, -7.019043
1448470460769221666, 14.099121, -79.019165, -6.8984985
1448470460789302233, 14.399719, -78.959656, -6.9595337
1448470460809504869, 14.279175, -79.019165, -6.6589355
1448470460829463365, 14.279175, -79.19922, -6.77948
1448470460849635485, 14.099121, -79.078674, -6.5994263
1448470460869746569, 13.919067, -79.13971, -6.4193726
1448470460889888170, 14.039612, -79.078674, -6.5994263
1448470460910609606, 14.099121, -79.25873, -6.478882
1448470460930201891, 14.099121, -79.13971, -6.7199707
1448470460950374010, 13.798523, -79.13971, -6.539917
1448470460970515612, 13.798523, -79.078674, -6.6589355
1448470460990687731, 13.679504, -79.019165, -6.6589355
1448470461010920885, 13.919067, -79.31976, -6.6589355
1448470461030970934, 14.15863, -79.31976, -6.5994263
1448470461051143053, 14.15863, -79.25873, -6.7199707
1448470461071193102, 14.099121, -79.078674, -6.8984985
1448470461091365221, 13.978577, -79.13971, -6.77948
1448470461111567858, 13.978577, -79.078674, -6.77948
1448470461131648424, 13.978577, -78.89862, -6.5994263
1448470461151790026, 14.099121, -78.7796, -6.8389893
1448470461171840074, 13.919067, -78.71857, -6.539917
1448470461192042711, 13.859558, -78.65906, -6.478882
1448470461212733629, 13.859558, -78.65906, -6.4193726
1448470461232417467, 13.919067, -78.59955, -6.1798096
1448470461252559069, 14.039612, -78.65906, -6.1187744
1448470461272700670, 14.219666, -78.71857, -6.059265
1448470461292811754, 14.338684, -78.89862, -5.999756
1448470461313136461, 14.279175, -78.7796, -5.6991577
1448470461333125475, 14.279175, -78.89862, -5.9387207
1448470461353267076, 14.279175, -78.89862, -5.8792114
1448470461373408678, 14.219666, -78.959656, -5.999756
1448470461393550279, 14.279175, -79.019165, -5.999756
1448470461413752916, 14.15863, -78.83911, -5.999756
1448470461433833483, 14.15863, -78.7796, -6.1798096
1448470461453975084, 13.919067, -78.65906, -6.239319
1448470461474055651, 13.919067, -78.89862, -6.239319
1448470461494258287, 14.039612, -78.89862, -6.059265
1448470461514949205, 13.798523, -78.83911, -6.3598633
1448470461534602526, 13.798523, -78.83911, -6.298828
1448470461554652574, 13.739014, -78.83911, -6.1187744
1448470461574794176, 13.739014, -78.83911, -6.1187744
1448470461594966295, 13.679504, -78.7796, -6.059265
1448470461615229967, 13.859558, -78.89862, -6.1798096
1448470461635280016, 13.919067, -78.7796, -6.1798096
1448470461655421617, 13.978577, -78.7796, -6.4193726
1448470461675410631, 14.15863, -78.83911, -6.1798096
1448470461695552233, 14.099121, -78.89862, -6.3598633
1448470461715815904, 14.039612, -78.71857, -6.539917
1448470461735865953, 13.978577, -79.078674, -6.539917
1448470461756007555, 13.978577, -79.13971, -6.478882
1448470461776149156, 13.919067, -79.019165, -6.5994263
1448470461796290758, 13.619995, -79.019165, -6.5994263
1448470461816951158, 13.499451, -78.83911, -6.4193726
1448470461836543444, 13.55896, -78.83911, -6.6589355
1448470461856715563, 13.55896, -78.71857, -6.478882
1448470461876857164, 13.739014, -78.83911, -6.6589355
1448470461896998766, 13.739014, -78.65906, -6.539917
1448470461917262438, 13.798523, -78.71857, -6.7199707
1448470461937220934, 13.798523, -78.959656, -6.5994263
1448470461957423570, 14.039612, -79.25873, -6.7199707
1448470461977595690, 14.219666, -79.19922, -6.8984985
1448470461997706774, 14.219666, -79.31976, -6.77948
1448470462018000963, 14.219666, -79.43878, -6.6589355
1448470462038112047, 14.039612, -79.25873, -6.478882
1448470462058192613, 14.15863, -79.31976, -6.77948
1448470462078303697, 14.099121, -79.13971, -6.6589355
1448470462098475817, 14.279175, -79.25873, -6.7199707
1448470462119227770, 14.4592285, -79.078674, -6.5994263
1448470462138759020, 14.4592285, -79.078674, -6.8984985
1448470462158961656, 14.6987915, -78.959656, -7.019043
1448470462179072740, 14.819336, -78.7796, -7.0785522
1448470462199214342, 14.878845, -78.959656, -7.1990967
1448470462220332506, 14.878845, -79.078674, -7.1395874
1448470462245509508, 14.878845, -78.959656, -7.1990967
1448470462260463121, 14.639282, -78.959656, -6.9595337
1448470462279689195, 14.518738, -78.83911, -7.1395874
1448470462299830797, 14.399719, -79.078674, -6.8984985
1448470462320033434, 14.15863, -79.19922, -6.7199707
1448470462340260556, 14.219666, -79.31976, -6.7199707
1448470462360402158, 14.219666, -79.37927, -6.5994263
1448470462380482724, 14.099121, -79.37927, -6.6589355
1448470462400685361, 14.338684, -79.559326, -6.5994263
1448470462421406796, 14.399719, -79.37927, -6.7199707
1448470462441029599, 14.219666, -79.37927, -6.6589355
1448470462461201718, 14.219666, -79.43878, -6.6589355
1448470462481373837, 14.15863, -79.37927, -6.77948
1448470462501515439, 14.219666, -79.37927, -6.8984985
1448470462521748593, 14.219666, -79.078674, -6.9595337
1448470462541737607, 14.338684, -78.83911, -6.6589355
1448470462561909726, 14.399719, -78.7796, -6.77948
1448470462582875302, 14.338684, -78.83911, -6.7199707
1448470462603016904, 14.579773, -78.65906, -6.6589355
1448470462622304013, 14.639282, -78.59955, -6.5994263
1448470462642384580, 14.639282, -78.7796, -6.7199707
1448470462662526181, 14.518738, -78.959656, -6.539917
1448470462682637265, 14.4592285, -79.25873, -6.3598633
1448470462702809384, 14.639282, -79.37927, -6.5994263
1448470462723469785, 14.399719, -79.43878, -6.478882
1448470462743092587, 14.4592285, -79.25873, -6.6589355
1448470462763234189, 14.279175, -79.559326, -6.5994263
1448470462783375791, 14.4592285, -79.49982, -6.6589355
1448470462803547910, 14.579773, -79.37927, -6.5994263
1448470462823872617, 14.6987915, -79.31976, -6.6589355
1448470462843861630, 14.819336, -79.19922, -7.0785522
1448470462864033750, 14.518738, -79.19922, -6.9595337
1448470462884083798, 14.4592285, -79.13971, -6.8984985
1448470462904377988, 14.219666, -79.31976, -6.8984985
1448470462924519589, 14.399719, -79.13971, -7.1990967
1448470462944722226, 14.219666, -79.019165, -7.0785522
1448470462964741757, 14.219666, -78.89862, -6.9595337
1448470462984883359, 14.039612, -78.83911, -6.8984985
1448470463005024960, 13.798523, -78.89862, -6.6589355
1448470463025685361, 13.919067, -78.89862, -6.539917
1448470463045308164, 14.039612, -78.89862, -6.5994263
1448470463065449765, 14.338684, -78.89862, -6.6589355
1448470463085560849, 14.338684, -78.959656, -6.1798096
1448470463105732968, 14.279175, -79.13971, -6.059265
1448470463126100464, 14.399719, -79.078674, -6.1798096
1448470463146119995, 14.279175, -78.959656, -6.3598633
1448470463166231079, 14.399719, -78.7796, -6.298828
1448470463186403199, 14.338684, -79.019165, -6.478882
1448470463206544800, 14.279175, -78.89862, -6.539917
1448470463226747437, 14.039612, -79.13971, -6.478882
1448470463246828003, 14.15863, -79.25873, -6.8389893
1448470463266939087, 14.279175, -79.19922, -7.019043
1448470463287050171, 14.039612, -79.31976, -7.019043
1448470463307222290, 14.099121, -79.43878, -6.8389893
1448470463327943726, 14.15863, -79.67987, -7.019043
1448470463347536011, 14.219666, -79.43878, -7.019043
1448470463368471070, 14.219666, -79.67987, -6.9595337
1448470463388673706, 14.338684, -79.43878, -7.0785522
1448470463408784790, 14.279175, -79.43878, -6.9595337
1448470463429048462, 14.219666, -79.43878, -7.019043
1448470463454347534, 14.279175, -79.31976, -7.0785522
1448470463469362183, 14.338684, -79.25873, -7.258606
1448470463489381714, 14.518738, -79.019165, -7.1990967
1448470463509553833, 14.6987915, -79.078674, -7.319641
1448470463528749390, 14.579773, -79.019165, -7.319641
1448470463548836345, 14.759827, -78.83911, -7.1990967
1448470463568977947, 14.639282, -78.65906, -7.319641
1448470463589180584, 14.6987915, -78.71857, -7.4386597
1448470463609352703, 14.6987915, -78.71857, -7.6187134
1448470463630074138, 14.6987915, -78.71857, -7.3791504
1448470463649666423, 14.399719, -78.89862, -7.499695
1448470463669808025, 14.338684, -78.83911, -7.319641
1448470463689949627, 14.399719, -78.89862, -7.559204
1448470463710121746, 14.15863, -79.019165, -7.798767
1448470463730354900, 14.099121, -79.078674, -7.6187134
1448470463750435466, 14.099121, -79.019165, -7.6187134
1448470463770485515, 14.099121, -79.078674, -7.499695
1448470463790718670, 14.099121, -79.019165, -7.8598022
1448470463810829754, 14.099121, -79.019165, -7.798767
1448470463831917400, 13.978577, -78.89862, -8.039856
1448470463851936931, 14.039612, -78.71857, -7.9193115
1448470463872109050, 14.099121, -78.71857, -7.9193115
1448470463898048992, 13.978577, -78.53851, -8.039856
1448470463917061443, 13.739014, -78.359985, -7.978821
1448470463932106609, 13.739014, -78.29895, -7.8598022
1448470463951668377, 13.798523, -78.359985, -7.739258
1448470463971840496, 13.978577, -78.23944, -7.8598022
1448470463991951580, 14.15863, -78.419495, -7.739258
1448470464012093181, 14.15863, -78.479004, -7.798767
1448470464032509441, 14.219666, -78.419495, -7.739258
1448470464052559490, 14.4592285, -78.65906, -8.099365
1448470464072640056, 14.579773, -78.71857, -8.279419
1448470464092781658, 14.639282, -78.53851, -8.578491
1448470464112923259, 14.579773, -78.479004, -8.639526
1448470464133125896, 14.579773, -78.53851, -8.758545
1448470464153175945, 14.279175, -78.479004, -8.879089
1448470464174202556, 14.15863, -78.479004, -8.879089
1448470464200050945, 14.15863, -78.419495, -8.879089
1448470464219399089, 14.338684, -78.359985, -8.639526
1448470464235268230, 14.219666, -78.53851, -8.639526
1448470464254799480, 14.219666, -78.59955, -8.699036
1448470464273964519, 14.219666, -78.59955, -8.81958
1448470464294075603, 14.15863, -78.89862, -9.1796875
1448470464314247722, 14.219666, -78.83911, -9.118652
1448470464334584669, 14.4592285, -78.7796, -9.118652
1448470464354543165, 14.4592285, -78.959656, -9.059143
1448470464374745802, 14.039612, -78.89862, -9.118652
1448470464394887404, 13.978577, -78.65906, -9.1796875
1448470464415059523, 13.919067, -78.71857, -8.999634
1448470464435323195, 13.859558, -78.71857, -9.118652
1448470464455403761, 13.798523, -78.479004, -8.999634
1448470464475545363, 13.919067, -78.65906, -9.1796875
1448470464495625929, 13.859558, -78.959656, -9.1796875
1448470464515889601, 13.798523, -79.13971, -9.47876
1448470464536488966, 14.15863, -79.19922, -9.599304
1448470464556111769, 13.978577, -79.618835, -9.658813
1448470464576222853, 14.099121, -79.79889, -9.899902
1448470464596456007, 14.219666, -79.97894, -9.719849
1448470464616506056, 14.518738, -80.159, -9.658813
1448470464636800245, 14.4592285, -80.218506, -9.719849
1448470464656667189, 14.338684, -80.218506, -10.139465
1448470464676930861, 14.279175, -80.159, -10.079956
1448470464697011427, 14.15863, -80.33905, -10.198975
1448470464717214064, 14.4592285, -80.27954, -10.198975
1448470464737325148, 14.4592285, -80.57861, -10.079956
1448470464757466749, 14.399719, -80.87921, -10.198975
1448470464777608351, 14.279175, -81.059265, -10.319519
1448470464797658400, 14.338684, -81.29883, -10.198975
1448470464817861036, 14.15863, -81.35986, -10.139465
1448470464838643507, 14.279175, -81.658936, -10.198975
1448470464858235792, 14.15863, -81.95953, -9.899902
1448470464878377394, 14.15863, -82.1991, -9.959412
1448470464898518995, 14.219666, -82.01904, -10.018921
1448470464919545607, 14.15863, -82.13959, -10.198975
1448470464939748243, 14.279175, -82.07855, -10.079956
1448470464965260939, 14.279175, -82.43866, -10.198975
1448470464980092482, 14.279175, -82.499695, -9.899902
1448470465000173048, 14.15863, -82.559204, -9.658813
1448470465020162062, 14.338684, -82.61871, -9.899902
1448470465040425734, 14.4592285, -82.67975, -9.899902
1448470465060475782, 14.4592285, -82.97882, -9.959412
1448470465080678419, 14.338684, -83.099365, -9.599304
1448470465106618361, 14.399719, -83.45947, -9.4192505
1448470465125844435, 14.639282, -83.21991, -9.4192505
1448470465141713575, 14.6987915, -83.27942, -9.47876
1448470465161275343, 14.819336, -83.51898, -9.47876
1448470465181386427, 14.639282, -83.51898, -9.1796875
1448470465201497511, 14.579773, -83.758545, -8.999634
1448470465221547560, 14.579773, -83.99963, -8.578491
1448470465241933302, 14.759827, -84.11865, -8.459473
1448470465267140822, 14.279175, -84.17969, -8.399963
1448470465282185988, 14.15863, -84.599304, -7.978821
1448470465302175001, 14.219666, -84.83887, -7.6797485
1448470465322377638, 14.338684, -84.95941, -7.4386597
1448470465342549757, 14.399719, -85.139465, -7.258606
1448470465362691359, 14.338684, -85.079956, -7.1395874
1448470465382741407, 14.279175, -85.079956, -7.1990967
1448470465408681349, 14.279175, -85.079956, -7.1395874
1448470465427937941, 14.579773, -85.079956, -6.9595337
1448470465443807081, 14.579773, -85.01892, -6.9595337
1448470465463399366, 14.639282, -85.079956, -6.9595337
1448470465483479933, 14.399719, -85.31952, -7.019043
1448470465503621534, 14.279175, -85.37903, -6.77948
1448470465523763136, 14.4592285, -85.61859, -6.4193726
1448470465544026808, 14.518738, -85.55908, -6.059265
1448470465568501906, 14.338684, -85.61859, -5.6991577
1448470465583272413, 14.219666, -85.798645, -5.279541
1448470465603383497, 13.978577, -86.039734, -4.9194336
1448470465623525099, 13.978577, -86.21979, -4.559326
1448470465643819288, 14.099121, -86.21979, -4.1397095
1448470465663899855, 14.099121, -86.338806, -4.258728
1448470465684102491, 13.859558, -86.2793, -3.9596558
1448470465704183058, 13.859558, -86.579895, -3.9596558
1448470465724385695, 13.859558, -86.69891, -3.6590576
1448470465745015577, 13.919067, -86.69891, -3.5385132
1448470465764668898, 13.919067, -86.87897, -3.479004
1448470465784810499, 13.859558, -86.81946, -3.3599854
1448470465804891066, 13.798523, -86.94, -3.0593872
1448470465824971632, 13.679504, -86.94, -2.758789
1448470465845265822, 13.739014, -86.94, -2.758789
1448470465865193800, 13.619995, -87.179565, -2.3986816
1448470465885396437, 13.619995, -87.239075, -2.519226
1448470465905538038, 13.499451, -87.47864, -2.3986816
1448470465925649122, 13.499451, -87.53967, -2.0996094
1448470465946029043, 13.499451, -87.779236, -1.7990112
1448470465966109609, 13.55896, -87.89978, -1.6799927
1448470465986190175, 13.619995, -87.95929, -1.5594482
1448470466006392812, 13.619995, -88.13934, -1.499939
1448470466026564931, 13.739014, -88.13934, -1.4389038
1448470466047255849, 13.798523, -88.079834, -1.2588501
1448470466066939687, 13.859558, -88.079834, -1.2588501
1448470466087020254, 13.859558, -88.25989, -1.1993408
1448470466107161855, 13.55896, -88.25989, -1.1993408
1448470466127272939, 13.499451, -88.49945, -1.3793945
1448470466147658681, 13.378906, -88.619995, -1.2588501
1448470466167586660, 13.378906, -88.79852, -1.1398315
1448470466187728261, 13.079834, -88.91907, -1.0787964
1448470466207839345, 12.779236, -89.219666, -1.0787964
1448470466228011464, 12.539673, -89.338684, -1.1398315
1448470466248244619, 12.419128, -89.279175, -0.95977783
1448470466268264150, 12.599182, -89.338684, -0.8987427
1448470466288436269, 12.658691, -89.338684, -0.6591797
1448470466308516836, 12.658691, -89.45923, -0.6591797
1448470466328688955, 12.599182, -89.51874, -0.47912598
1448470466349379873, 12.599182, -89.57977, -0.53863525
1448470466369002675, 12.838745, -89.63928, -0.29907227
1448470466389266347, 12.89978, -89.75983, -0.29907227
1448470466409285879, 12.719727, -89.69879, -0.47912598
1448470466430312490, 12.719727, -89.69879, -0.6591797
1448470466450545644, 12.419128, -89.63928, -0.6591797
1448470466475905752, 12.359619, -89.63928, -0.47912598
1448470466491011953, 12.298584, -89.75983, -0.35858154
1448470466510848379, 12.419128, -89.69879, -0.17852783
1448470466531020498, 12.359619, -89.819336, -0.29907227
1448470466551253652, 12.478638, -89.878845, -0.059509277
1448470466570357656, 12.478638, -90.0589, -0.059509277
1448470466590468740, 12.298584, -90.23895, 0.0
1448470466610610341, 12.239075, -90.29999, -0.059509277
1448470466630751943, 12.359619, -90.41901, -0.23956299
1448470466651442861, 12.179565, -90.3595, -0.23956299
1448470466671035146, 12.179565, -90.3595, -0.47912598
1448470466691207265, 12.11853, -90.29999, -0.5996704
1448470466711318349, 11.938477, -90.3595, -0.5996704
1448470466731429433, 11.938477, -90.41901, -0.47912598
1448470466751827414, 11.878967, -90.41901, -0.35858154
1448470466771755393, 11.698914, -90.41901, -0.29907227
1448470466791958029, 11.459351, -90.119934, -0.23956299
1448470466812160666, 11.51886, -89.93988, -0.29907227
1448470466832302268, 11.219788, -90.119934, -0.059509277
1448470466852535422, 11.219788, -90.17944, 0.119018555
1448470466872585471, 11.099243, -89.93988, 0.119018555
1448470466892757590, 11.099243, -89.819336, 0.119018555
1448470466912777121, 11.099243, -89.93988, 0.059509277
1448470466933040793, 11.099243, -89.878845, 0.29907227
1448470466953701194, 11.219788, -90.17944, 0.35858154
1448470466973293479, 11.158752, -90.478516, 0.4196167
1448470466993465598, 10.919189, -90.53955, 0.7797241
1448470467013637717, 10.798645, -90.478516, 0.7797241
1448470467033748801, 10.499573, -90.478516, 1.0192871
1448470467054012473, 10.139465, -90.3595, 1.0787964
1448470467074032004, 9.838867, -90.0589, 1.2588501
1448470467094173606, 9.599304, -89.75983, 1.3198853
1448470467114589865, 9.359741, -89.57977, 1.499939
1448470467135250266, 8.879089, -89.39972, 1.499939
1448470467155544455, 8.879089, -89.39972, 1.3793945
1448470467175625022, 8.639526, -89.279175, 1.4389038
1448470467195675071, 8.639526, -89.219666, 1.499939
1448470467221523459, 8.699036, -89.219666, 1.5594482
1448470467236568625, 8.518982, -89.279175, 1.3198853
1448470467256740744, 8.578491, -89.45923, 1.3198853
1448470467275417502, 8.459473, -89.45923, 1.3198853
1448470467295498069, 8.578491, -89.338684, 1.1993408
1448470467315639670, 8.459473, -88.91907, 1.0787964
1448470467335811789, 8.518982, -88.85956, 1.0787964
1448470467356075461, 8.518982, -88.55896, 1.0787964
1448470467376033957, 8.518982, -88.25989, 1.1398315
1448470467396236594, 8.81958, -88.079834, 1.2588501
1448470467416469748, 8.938599, -87.838745, 1.0787964
1448470467436580832, 8.999634, -87.41913, 1.0192871
1448470467456783469, 8.999634, -87.05902, 0.95977783
1448470467476864035, 8.999634, -86.94, 0.8987427
1448470467496975119, 8.999634, -86.51886, 0.8987427
1448470467517147238, 8.999634, -86.338806, 0.53863525
1448470467538143332, 8.938599, -86.15875, 0.35858154
1448470467558803733, 8.81958, -85.739136, 0.23956299
1448470467578426535, 8.879089, -85.49957, 0.35858154
1448470467598568137, 8.879089, -85.258484, 0.17852783
1448470467617977317, 8.699036, -85.01892, 0.29907227
1448470467637905295, 8.81958, -84.77936, 0.4196167
1448470467658199485, 8.938599, -84.41925, 0.35858154
1448470467678127463, 8.999634, -84.41925, 0.53863525
1448470467698330100, 8.879089, -84.17969, 0.47912598
1448470467718471701, 8.758545, -84.11865, 0.4196167
1448470467738582785, 8.758545, -83.699036, 0.29907227
1448470467758815940, 8.758545, -83.699036, 0.47912598
1448470467778896506, 8.81958, -83.51898, 0.4196167
1448470467799007590, 8.81958, -83.158875, 0.17852783
1448470467819240744, 8.699036, -83.039856, -0.059509277
1448470467839412863, 8.699036, -82.559204, -0.35858154
1448470467860042746, 9.118652, -82.1991, -0.35858154
1448470467879665549, 9.059143, -81.8985, -0.5996704
1448470467899807151, 8.938599, -81.77948, -0.8392334
1448470467919979270, 9.059143, -81.41937, -1.499939
1448470467940181906, 9.239197, -81.23932, -1.6189575
1448470467960476096, 9.539795, -81.118774, -1.6799927
1448470467980373557, 9.539795, -80.999756, -1.8585205
1448470468000545676, 9.47876, -80.8197, -2.0385742
1448470468020687278, 9.359741, -80.87921, -2.4597168
1448470468040828879, 9.359741, -80.69916, -2.279663
1448470468061031516, 9.4192505, -80.519104, -2.279663
1448470468081112082, 9.1796875, -80.33905, -2.0385742
1448470468101253684, 9.118652, -79.97894, -2.218628
1448470468121395285, 8.879089, -79.97894, -2.519226
1448470468141536887, 8.938599, -79.91943, -2.519226
1448470468162227805, 8.758545, -79.97894, -2.6397705
1448470468182644065, 8.938599, -79.91943, -2.4597168
1448470468202816184, 8.999634, -80.03998, -2.758789
1448470468223140891, 9.1796875, -80.09949, -2.9388428
1448470468243221457, 9.298706, -80.03998, -3.239441
1448470468264919455, 9.239197, -80.09949, -3.3599854
1448470468282436545, 9.239197, -80.03998, -3.479004
1448470468302578147, 9.1796875, -80.03998, -3.5385132
1448470468322689231, 9.4192505, -80.03998, -3.4194946
1448470468342977352, 9.4192505, -79.97894, -3.718567
1448470468363424130, 9.4192505, -80.03998, -3.8391113
1448470468383260555, 9.239197, -80.03998, -3.8391113
1448470468403432674, 9.239197, -80.218506, -3.8391113
1448470468423513241, 9.4192505, -80.459595, -4.019165
1448470468443746395, 9.4192505, -80.69916, -4.0786743
1448470468464376278, 9.539795, -80.75867, -4.4387817
1448470468483999081, 9.599304, -80.75867, -4.6798706
1448470468504140682, 9.47876, -80.8197, -4.798889
1448470468524312801, 9.599304, -80.75867, -4.9194336
1448470468544423885, 9.838867, -80.69916, -4.978943
1448470468564687557, 9.838867, -80.63965, -5.039978
1448470468584737606, 9.838867, -80.63965, -5.039978
1448470468604818173, 10.139465, -80.63965, -5.0994873
1448470468624990292, 10.198975, -80.75867, -5.1589966
1448470468645223446, 10.198975, -80.69916, -5.3390503
1448470468665456600, 10.319519, -80.75867, -5.218506
1448470468685506649, 10.499573, -80.87921, -5.1589966
1448470468705709286, 10.679626, -80.93872, -5.519104
1448470468725637264, 10.85968, -80.93872, -5.6991577
1448470468745870419, 10.978699, -80.93872, -5.9387207
1448470468766500301, 11.158752, -81.118774, -5.9387207
1448470468786153622, 11.219788, -81.118774, -6.1798096
1448470468806234188, 11.459351, -81.23932, -6.4193726
1448470468826497860, 11.819458, -81.29883, -6.6589355
1448470468846639462, 11.999512, -81.53992, -7.0785522
1448470468866872616, 11.999512, -81.71997, -7.019043
1448470468886922665, 12.179565, -81.83899, -7.319641
1448470468907064266, 12.298584, -82.07855, -7.4386597
1448470468927205868, 12.539673, -81.95953, -7.6187134
1448470468947347469, 12.838745, -81.8985, -7.6187134
1448470468967550106, 12.89978, -81.95953, -7.6797485
1448470468987630673, 12.838745, -82.01904, -7.8598022
1448470469007772274, 12.95929, -81.8985, -8.279419
1448470469027852841, 13.079834, -81.83899, -8.518982
1448470469048055477, 13.378906, -81.8985, -8.699036
1448470469068715878, 13.439941, -81.658936, -8.81958
1448470469088308163, 13.198853, -81.658936, -9.118652
1448470469108480282, 13.319397, -81.83899, -9.47876
1448470469128621883, 13.679504, -81.83899, -9.658813
1448470469148836830, 13.859558, -81.95953, -9.899902
1448470469169161537, 13.978577, -81.59943, -9.959412
1448470469189150551, 13.978577, -81.77948, -10.258484
1448470469209261635, 14.219666, -81.77948, -10.438538
1448470469229403236, 14.279175, -81.95953, -10.559082
1448470469249544838, 14.579773, -82.07855, -10.559082
1448470469269839027, 14.639282, -82.01904, -10.499573
1448470469289828041, 14.6987915, -81.95953, -10.739136
1448470469309969643, 14.819336, -81.8985, -10.739136
1448470469330050209, 14.759827, -82.07855, -10.739136
1448470469350252846, 14.819336, -82.07855, -10.739136
1448470469370974281, 14.819336, -82.07855, -10.798645
1448470469390536049, 15.119934, -82.1991, -10.919189
1448470469410677650, 15.119934, -82.01904, -11.399841
1448470469430788734, 15.359497, -81.95953, -11.639404
1448470469451021889, 15.359497, -82.01904, -11.639404
1448470469471224525, 15.359497, -82.07855, -11.639404
1448470469491244057, 15.419006, -82.07855, -11.399841
1448470469511416176, 15.59906, -82.13959, -11.459351
1448470469531496742, 15.658569, -82.1991, -11.279297
1448470469551668861, 15.838623, -82.01904, -11.219788
1448470469571779945, 15.7196045, -82.1991, -10.798645
1448470469591860512, 15.658569, -82.1991, -10.618591
1448470469612002113, 15.779114, -82.1991, -10.319519
1448470469632204750, 15.838623, -81.95953, -10.139465
1448470469652285316, 16.079712, -82.01904, -10.198975
1448470469672945717, 16.19873, -81.95953, -9.959412
1448470469692538002, 16.259766, -81.8985, -9.838867
1448470469712710121, 15.9591675, -81.95953, -9.838867
1448470469732851723, 16.378784, -81.77948, -9.838867
1448470469753054359, 16.558838, -81.83899, -9.838867
1448470469773256996, 16.679382, -81.83899, -9.838867
1448470469793215492, 16.738892, -82.07855, -9.838867
1448470469813418129, 16.499329, -82.07855, -9.899902
1448470469833651283, 16.499329, -82.13959, -9.719849
1448470469853792885, 16.378784, -82.13959, -9.658813
1448470469873995521, 16.259766, -81.77948, -9.47876
1448470469893984535, 16.139221, -82.01904, -9.1796875
1448470469914126137, 16.018677, -82.01904, -9.118652
1448470469934176186, 15.9591675, -81.95953, -9.059143
1448470469954409340, 16.079712, -81.83899, -9.059143
1448470469975069740, 16.19873, -81.658936, -8.758545
1448470469994692543, 16.19873, -81.41937, -8.81958
1448470470014895180, 16.43982, -81.35986, -8.699036
1448470470035067299, 16.619873, -81.29883, -8.81958
1448470470055178383, 16.738892, -81.118774, -8.758545
1448470470075381019, 17.03949, -80.75867, -8.459473
1448470470095370033, 17.219543, -80.57861, -8.1588745
1448470470115542152, 17.098999, -80.39856, -7.798767
1448470470135683754, 17.399597, -80.218506, -7.9193115
1448470470155825355, 17.57965, -80.159, -7.8598022
1448470470176027992, 17.63916, -79.73938, -7.739258
1448470470196108559, 17.63916, -79.79889, -7.319641
1448470470216311195, 17.759705, -79.559326, -7.4386597
1448470470236391762, 17.69867, -79.49982, -7.4386597
1448470470256624916, 17.518616, -79.43878, -7.499695
1448470470277285316, 17.819214, -79.49982, -7.559204
1448470470296908119, 17.878723, -79.618835, -7.4386597
1448470470316866615, 17.819214, -79.43878, -7.258606
1448470470337160805, 17.819214, -79.67987, -7.1395874
1448470470357241371, 18.058777, -79.67987, -7.0785522
1448470470377505043, 18.119812, -79.67987, -6.9595337
1448470470397463539, 18.058777, -79.559326, -6.8984985
1448470470417727211, 18.47992, -79.49982, -6.8389893
1448470470437868812, 18.659973, -79.078674, -6.77948
1448470470458010414, 19.018555, -78.7796, -6.6589355
1448470470478243568, 19.259644, -78.59955, -6.6589355
1448470470498293617, 19.439697, -78.23944, -7.0785522
1448470470519381264, 19.619751, -78.05939, -7.0785522
1448470470545138100, 19.859314, -77.75879, -7.1395874
1448470470559908607, 20.159912, -77.69928, -7.0785522
1448470470580355385, 20.339966, -77.578735, -7.019043
1448470470599886635, 20.518494, -77.578735, -6.6589355
1448470470619936684, 20.698547, -77.63977, -6.6589355
1448470470640108803, 20.939636, -77.75879, -6.539917
1448470470660219887, 21.058655, -77.87933, -6.059265
1448470470680575111, 21.479797, -77.819824, -6.059265
1448470470705752113, 21.479797, -77.69928, -5.5786133
1448470470720949867, 21.839905, -77.578735, -5.5786133
1448470470740902276, 21.839905, -77.45972, -5.218506
1448470470761104913, 21.899414, -77.33917, -5.218506
1448470470780392022, 21.77887, -77.15912, -4.9194336
1448470470800503106, 21.958923, -77.038574, -4.9194336
1448470470820644708, 22.439575, -76.919556, -4.978943
1448470470840786310, 22.439575, -76.79901, -4.8599243
1448470470860927911, 22.799683, -76.979065, -4.73938
1448470470881557794, 22.738647, -76.85852, -4.319763
1448470470901211114, 22.859192, -76.7395, -4.258728
1448470470921352716, 23.039246, -77.038574, -4.1397095
1448470470941494317, 23.098755, -76.979065, -4.0786743
1448470470961635919, 23.098755, -76.7395, -3.8986206
1448470470981899591, 23.039246, -76.55945, -3.6590576
1448470471001858087, 23.2193, -76.61896, -3.2989502
1448470471022121759, 23.2193, -76.379395, -3.0593872
1448470471042324395, 23.399353, -76.319885, -3.0593872
1448470471062404962, 23.638916, -76.25885, -2.8793335
1448470471082638116, 23.878479, -75.95978, -2.8793335
1448470471102718683, 24.119568, -76.0788, -2.4597168
1448470471122921319, 24.299622, -76.0788, -2.218628
1448470471142971368, 24.479675, -76.01929, -1.979065
1448470471163143487, 24.539185, -75.83923, -1.9195557
1448470471183803888, 24.778748, -75.65918, -1.9195557
1448470471203426690, 24.839783, -75.538635, -1.499939
1448470471223476739, 25.138855, -75.65918, -1.6799927
1448470471243618341, 25.019836, -75.479126, -1.3793945
1448470471263759942, 24.958801, -75.23956, -1.499939
1448470471284054132, 24.958801, -75.41962, -1.3793945
1448470471303982110, 25.019836, -75.59967, -1.3793945
1448470471324306817, 25.079346, -75.41962, -1.0787964
1448470471344326349, 24.958801, -75.65918, -1.1398315
1448470471364437433, 24.958801, -75.65918, -1.2588501
1448470471384670587, 24.839783, -75.479126, -0.8987427
1448470471404720636, 25.019836, -75.59967, -0.8392334
1448470471424862237, 25.079346, -75.538635, -0.5996704
1448470471444973321, 25.2594, -75.17853, -0.6591797
1448470471465175958, 25.138855, -74.879456, -0.29907227
1448470471485836358, 25.138855, -74.75891, -0.17852783
1448470471505459161, 25.19989, -74.57886, 0.119018555
1448470471525600763, 25.19989, -74.6994, 0.35858154
1448470471545815889, 25.2594, -74.45984, 0.53863525
1448470471565957491, 25.138855, -74.279785, 0.6591797
1448470471586251680, 25.138855, -74.09973, 0.47912598
1448470471606210176, 25.19989, -73.97919, 0.95977783
1448470471626443331, 25.379944, -73.97919, 0.8987427
1448470471646615450, 25.379944, -73.91968, 1.1398315
1448470471666726534, 25.439453, -73.739624, 1.1398315
1448470471686959688, 25.318909, -73.31848, 0.95977783
1448470471707040254, 25.439453, -73.31848, 0.8987427
1448470471727151338, 25.738525, -73.07892, 1.0192871
1448470471747292940, 25.619507, -72.9599, 1.0787964
1448470471767465059, 25.85907, -72.839355, 0.8392334
1448470471788186495, 25.91858, -72.41974, 0.95977783
1448470471807870333, 25.79956, -71.9986, 0.71868896
1448470471827798311, 25.79956, -71.87958, 0.71868896
1448470471847939913, 25.979614, -71.699524, 0.8392334
1448470471868081514, 25.979614, -71.27991, 0.8392334
1448470471888375704, 25.619507, -70.858765, 0.8392334
1448470471908303682, 25.619507, -70.55969, 0.8987427
1448470471928506319, 25.559998, -70.13855, 1.0192871
1448470471948647920, 25.559998, -69.89899, 0.8987427
1448470471968789522, 25.498962, -69.77997, 0.8987427
1448470471988992159, 25.498962, -69.29932, 0.8392334
1448470472009133760, 25.619507, -68.99872, 1.0787964
1448470472029305879, 25.379944, -68.5791, 0.95977783
1448470472049355928, 25.439453, -68.5791, 1.0787964
1448470472069589083, 25.85907, -68.51959, 1.1993408
1448470472090249483, 25.738525, -68.099976, 1.0787964
1448470472109933321, 25.619507, -67.61932, 1.2588501
1448470472130013887, 25.679016, -67.19971, 1.1993408
1448470472150216524, 25.619507, -66.719055, 1.2588501
1448470472170297090, 25.498962, -66.29944, 0.7797241
1448470472190652315, 25.498962, -65.81879, 0.8392334
1448470472210580294, 25.379944, -65.39917, 0.8987427
1448470472230813448, 24.958801, -64.619446, 0.5996704
1448470472250863497, 24.899292, -64.4989, 0.47912598
1448470472270913545, 24.839783, -64.19983, 0.059509277
1448470472291146700, 24.839783, -64.019775, 0.119018555
1448470472311196749, 24.778748, -63.83972, -0.059509277
1448470472331368868, 24.659729, -63.659668, 0.0
1448470472351388399, 24.778748, -63.41858, -0.4196167
1448470472371621553, 25.019836, -63.059998, -0.6591797
1448470472392312471, 24.958801, -62.939453, -0.7797241
1448470472411935274, 24.778748, -62.69989, -0.8392334
1448470472432137911, 24.778748, -62.638855, -0.71868896
1448470472452218477, 24.719238, -62.21924, -1.0192871
1448470472472329561, 24.659729, -61.979675, -1.1398315
1448470472492623751, 24.41864, -61.738586, -1.5594482
1448470472512551729, 24.299622, -61.619568, -1.4389038
1448470472532784883, 24.179077, -61.619568, -1.7990112
1448470472552865450, 24.479675, -61.439514, -2.279663
1448470472573068087, 24.598694, -61.439514, -2.279663
1448470472593240206, 24.719238, -61.31897, -2.8198242
1448470472613320772, 24.899292, -61.37848, -2.999878
1448470472633462374, 24.839783, -61.31897, -3.2989502
1448470472653512422, 25.138855, -61.499023, -3.5995483
1448470472673837129, 25.379944, -61.499023, -3.9596558
1448470472694497530, 25.318909, -61.499023, -4.258728
1448470472714120333, 25.2594, -61.37848, -4.3792725
1448470472734261934, 25.19989, -61.19995, -5.1589966
1448470472754464571, 25.19989, -61.31897, -5.4595947
1448470472774514620, 25.2594, -61.37848, -6.059265
1448470472794808809, 25.439453, -61.25946, -6.539917
1448470472814828340, 25.379944, -61.25946, -6.9595337
1448470472835030977, 25.559998, -61.37848, -7.559204
1448470472855111544, 25.738525, -61.37848, -8.099365
1448470472875253145, 25.679016, -61.558533, -8.459473
1448470472895486299, 26.039124, -61.738586, -8.999634
1448470472915536348, 25.91858, -61.679077, -9.359741
1448470472935677950, 25.85907, -61.619568, -9.719849
1448470472955819551, 25.619507, -62.098694, -10.198975
1448470472975930635, 25.79956, -62.098694, -10.679626
1448470472996621553, 25.85907, -62.15973, -11.099243
1448470473016244356, 25.79956, -62.21924, -11.759949
1448470473036355440, 26.098633, -62.278748, -12.419128
1448470473056527559, 26.039124, -62.339783, -12.719727
1448470473076638643, 26.399231, -62.519836, -13.439941
1448470473096932833, 26.579285, -62.638855, -13.978577
1448470473116921846, 26.939392, -62.4588, -14.639282
1448470473137063448, 26.998901, -62.579346, -14.878845
1448470473157351563, 27.178955, -62.69989, -15.478516
1448470473177493165, 27.2995, -62.939453, -15.478516
1448470473197726319, 27.23999, -63.29956, -15.838623
1448470473217806886, 27.119446, -63.479614, -16.319275
1448470473237917970, 27.119446, -63.598633, -16.738892
1448470473257998536, 27.119446, -63.83972, -17.158508
1448470473278201173, 27.2995, -64.079285, -17.57965
1448470473298892091, 27.119446, -64.138794, -18.179321
1448470473319308351, 26.879883, -64.37988, -18.47992
1448470473339419434, 26.818848, -64.37988, -19.198608
1448470473359561036, 26.998901, -64.43939, -19.73877
1448470473378787110, 27.059937, -64.73999, -20.399475
1448470473399203370, 27.359009, -64.85901, -20.579529
1448470473419039796, 27.23999, -65.09857, -21.058655
1448470473439272950, 27.23999, -65.15961, -21.359253
1448470473459414552, 27.359009, -65.33966, -21.77887
1448470473479617188, 27.598572, -65.39917, -22.259521
1448470473499789308, 27.83966, -65.57922, -22.499084
1448470473519839356, 28.019714, -65.57922, -22.859192
1448470473539980958, 28.379822, -65.39917, -22.918701
1448470473560061524, 28.259277, -65.57922, -23.339844
1448470473580264161, 28.439331, -65.81879, -23.638916
1448470473600955079, 28.559875, -66.059875, -23.939514
1448470473620547364, 28.858948, -66.29944, -24.119568
1448470473640750001, 28.858948, -66.41998, -24.35913
1448470473660891602, 28.919983, -66.778564, -24.598694
1448470473681765626, 28.919983, -67.07916, -24.719238
1448470473702120851, 28.919983, -67.43927, -25.019836
1448470473721896241, 28.979492, -67.67883, -25.379944
1448470473741396974, 29.159546, -67.61932, -25.439453
1448470473761538575, 29.219055, -67.559814, -25.559998
1448470473781680177, 29.219055, -67.79938, -25.738525
1448470473801913331, 29.3396, -68.03894, -25.85907
1448470473821963380, 29.219055, -68.03894, -26.098633
1448470473842196534, 29.09851, -68.33954, -26.278687
1448470473862307618, 29.159546, -68.5791, -26.45874
1448470473882449220, 29.09851, -68.5791, -26.579285
1448470473903140138, 28.979492, -68.8797, -26.939392
1448470473922732423, 28.858948, -69.41986, -27.178955
1448470473942977751, 28.73993, -69.41986, -27.479553
1448470473963119353, 28.799438, -69.358826, -27.539062
1448470473983291472, 28.919983, -69.29932, -27.778625
1448470474003555144, 28.979492, -69.17877, -28.019714
1448470474023544158, 28.799438, -69.23981, -28.259277
1448470474043716277, 28.979492, -69.41986, -28.379822
1448470474063827361, 29.159546, -69.29932, -28.259277
1448470474084060515, 29.458618, -69.11926, -28.49884
1448470474104202117, 29.579163, -69.11926, -28.49884
1448470474124282683, 29.638672, -69.358826, -28.619385
1448470474144485320, 29.638672, -69.71893, -28.73993
1448470474164504851, 29.818726, -69.71893, -28.919983
1448470474184615935, 29.93927, -69.599915, -29.039001
1448470474205276335, 29.93927, -69.71893, -29.159546
1448470474224990691, 30.059814, -69.89899, -29.699707
1448470474245132292, 29.93927, -70.07904, -29.638672
1448470474265243376, 29.99878, -70.13855, -29.93927
1448470474285415495, 29.99878, -70.3186, -30.119324
1448470474305648650, 30.059814, -70.01953, -30.358887
1448470474325698699, 29.99878, -70.259094, -30.358887
1448470474345815958, 30.059814, -70.199585, -30.479431
1448470474365988077, 30.059814, -70.199585, -30.53894
1448470474386129678, 30.239868, -70.3186, -30.479431
1448470474406332315, 30.239868, -70.199585, -30.659485
1448470474426473917, 30.119324, -70.3186, -30.659485
1448470474446523965, 30.059814, -70.259094, -30.899048
1448470474466696085, 29.93927, -70.3186, -31.019592
1448470474486898721, 29.93927, -70.43915, -31.3797
1448470474507498086, 29.93927, -70.6192, -31.498718
1448470474527120889, 29.99878, -70.55969, -31.678772
1448470474547323526, 29.699707, -70.55969, -31.858826
1448470474567465128, 29.699707, -70.67871, -32.159424
1448470474587667764, 29.93927, -70.55969, -32.398987
1448470474607809366, 29.818726, -70.799255, -32.51953
1448470474627828897, 29.87976, -70.97931, -32.759094
1448470474647970499, 29.93927, -70.97931, -32.939148
1448470474668112100, 29.87976, -70.9198, -33.299255
1448470474688253702, 29.87976, -71.21887, -33.4198
1448470474708486856, 29.87976, -71.27991, -33.53882
1448470474728536905, 30.059814, -71.15936, -33.659363
1448470474748678506, 29.638672, -71.27991, -33.95996
1448470474768759073, 29.818726, -71.15936, -34.318542
1448470474788961710, 29.87976, -71.09985, -34.259033
1448470474809622110, 29.818726, -71.27991, -34.439087
1448470474829214395, 29.93927, -71.27991, -34.439087
1448470474849386514, 30.059814, -71.27991, -34.61914
1448470474869497598, 29.99878, -71.27991, -34.91974
1448470474889730753, 30.059814, -71.75903, -35.038757
1448470474910024942, 30.299377, -71.699524, -34.979248
1448470474930837930, 30.419922, -71.87958, -34.979248
1448470474950918497, 30.419922, -72.17865, -35.099792
1448470474971121133, 30.479431, -72.17865, -35.21881
1448470474991201700, 30.599976, -72.53876, -35.279846
1448470475011465372, 30.599976, -72.71881, -35.51941
1448470475031484903, 30.718994, -72.9599, -35.398865
1448470475051626504, 30.53894, -72.898865, -35.699463
1448470475077474893, 30.659485, -73.19946, -35.939026
1448470475092520059, 30.479431, -73.439026, -36.05957
1448470475112661661, 30.53894, -73.439026, -36.299133
1448470475131277383, 30.358887, -73.61908, -36.239624
1448470475151553246, 30.239868, -73.67859, -36.479187
1448470475171694848, 30.239868, -73.79913, -36.479187
1448470475191775414, 30.299377, -73.91968, -36.65924
1448470475212100121, 30.419922, -74.21875, -36.358643
1448470475232089135, 30.358887, -74.279785, -36.358643
1448470475252352807, 30.479431, -74.21875, -36.11908
1448470475272494408, 30.358887, -74.57886, -35.81848
1448470475292636010, 30.599976, -74.879456, -35.51941
1448470475312777611, 30.358887, -75.11902, -34.979248
1448470475333743187, 30.239868, -75.05951, -34.739685
1448470475353915307, 29.99878, -75.17853, -34.439087
1448470475379794213, 29.93927, -75.23956, -34.439087
1448470475394778344, 29.99878, -75.479126, -34.199524
1448470475414889428, 30.119324, -75.65918, -34.379578
1448470475434420678, 30.299377, -75.65918, -34.439087
1448470475454562279, 30.299377, -75.538635, -34.55963
1448470475474703881, 30.419922, -75.538635, -34.61914
1448470475494845482, 30.419922, -75.89874, -34.67865
1448470475515078637, 30.53894, -76.13983, -34.799194
1448470475540347191, 30.419922, -76.379395, -34.61914
1448470475555422875, 30.479431, -76.4389, -34.67865
1448470475575442406, 30.419922, -76.67999, -34.379578
1448470475595553490, 30.239868, -76.7395, -34.379578
1448470475615786645, 30.119324, -77.038574, -34.318542
1448470475635867211, 30.119324, -77.15912, -34.259033
1448470475655947777, 30.178833, -77.15912, -34.199524
1448470475681857201, 30.059814, -77.27966, -34.01947
1448470475701174828, 30.358887, -77.038574, -34.13849
1448470475717043969, 29.99878, -77.15912, -33.95996
1448470475736453148, 30.059814, -77.21863, -34.13849
1448470475756655785, 30.178833, -76.979065, -34.199524
1448470475776888939, 30.239868, -76.919556, -34.199524
1448470475796938988, 30.239868, -76.979065, -34.259033
1448470475817263695, 30.059814, -76.919556, -34.13849
1448470475842745873, 30.119324, -76.919556, -34.259033
1448470475857821557, 30.059814, -77.15912, -34.199524
1448470475877749535, 30.239868, -77.21863, -34.199524
1448470475897738549, 29.93927, -77.33917, -33.779907
1448470475917941186, 29.87976, -77.93884, -33.53882
1448470475937991234, 30.059814, -78.17993, -33.239746
1448470475958102318, 30.239868, -78.419495, -33.059692
1448470475977297875, 30.299377, -78.479004, -32.998657
1448470475997439477, 30.358887, -78.59955, -32.699585
1448470476018130395, 30.299377, -78.59955, -32.458496
1448470476037722680, 30.419922, -78.65906, -32.27997
1448470476057864281, 30.479431, -78.65906, -32.63855
1448470476078005883, 30.358887, -78.65906, -32.63855
1448470476098147484, 30.119324, -78.53851, -32.63855
1448470476118441674, 29.99878, -78.419495, -32.51953
1448470476138339135, 30.119324, -78.71857, -32.458496
1448470476158602807, 30.239868, -78.53851, -32.51953
1448470476178683373, 29.87976, -78.59955, -32.63855
1448470476198886010, 29.87976, -78.65906, -32.87964
1448470476219119164, 30.059814, -78.83911, -32.51953
1448470476239230248, 30.299377, -78.83911, -32.458496
1448470476259341332, 30.299377, -78.89862, -32.51953
1448470476279452416, 30.299377, -79.019165, -32.63855
1448470476299716088, 29.99878, -78.959656, -32.699585
1448470476320315453, 29.87976, -79.19922, -32.57904
1448470476339938256, 30.299377, -79.078674, -32.398987
1448470476360079857, 30.119324, -79.078674, -32.218933
1448470476380129906, 30.119324, -78.89862, -32.57904
1448470476400240990, 30.178833, -79.019165, -32.57904
1448470476420565697, 30.119324, -79.078674, -32.57904
1448470476440493676, 30.119324, -78.959656, -32.699585
1448470476460726830, 30.659485, -78.89862, -32.759094
1448470476480837914, 30.839539, -78.959656, -32.818604
1448470476500979516, 30.718994, -79.019165, -32.87964
1448470476521212670, 31.019592, -78.89862, -32.939148
1448470476541232201, 30.839539, -78.83911, -32.57904
1448470476561434838, 30.839539, -78.7796, -32.699585
1448470476581454369, 30.899048, -78.65906, -32.57904
1448470476601657006, 31.259155, -78.65906, -32.398987
1448470476622378441, 31.13861, -78.65906, -32.159424
1448470476642062279, 31.079102, -78.359985, -32.099915
1448470476662203881, 31.13861, -78.419495, -32.218933
1448470476682376000, 30.839539, -78.65906, -32.218933
1448470476702487084, 30.958557, -78.71857, -32.218933
1448470476722750756, 30.899048, -78.71857, -31.97937
1448470476742977929, 30.778503, -78.7796, -32.03888
1448470476763058496, 30.599976, -78.71857, -32.03888
1448470476783108544, 30.479431, -78.59955, -32.099915
1448470476803250146, 30.53894, -78.959656, -32.159424
1448470476823483300, 30.53894, -78.89862, -31.799316
1448470476843533349, 30.778503, -78.89862, -31.619263
1448470476863644433, 30.958557, -78.89862, -31.799316
1448470476883816552, 31.13861, -78.83911, -32.099915
1448470476903958154, 31.3797, -79.019165, -32.099915
1448470476924679589, 31.318665, -79.078674, -32.218933
1448470476944241357, 31.498718, -79.25873, -32.218933
1448470476964382959, 31.678772, -79.25873, -32.27997
1448470476984524560, 31.799316, -79.37927, -32.63855
1448470477004788232, 31.739807, -79.31976, -32.57904
1448470477024929834, 31.439209, -79.31976, -32.51953
1448470477045956445, 31.079102, -79.37927, -32.218933
1448470477065914941, 30.958557, -79.13971, -32.339478
1448470477085232568, 31.079102, -79.078674, -32.27997
1448470477105374169, 30.718994, -78.89862, -32.398987
1448470477125576806, 30.479431, -78.83911, -32.339478
1448470477145657373, 30.239868, -78.7796, -32.159424
1448470477165798974, 30.178833, -78.71857, -32.339478
1448470477185879541, 30.178833, -78.65906, -32.458496
1448470477206082177, 30.178833, -78.65906, -32.57904
1448470477226742578, 30.358887, -78.59955, -32.458496
1448470477246365380, 30.178833, -78.7796, -32.398987
1448470477266506982, 30.239868, -78.7796, -32.218933
1448470477286648584, 30.299377, -78.83911, -32.339478
1448470477306851220, 30.358887, -78.959656, -32.27997
1448470477327084375, 30.299377, -78.959656, -32.159424
1448470477347012353, 30.358887, -79.019165, -32.159424
1448470477367214990, 30.419922, -79.13971, -32.03888
1448470477387356591, 30.358887, -79.078674, -31.91986
1448470477407498193, 30.479431, -79.19922, -31.91986
1448470477427700830, 30.599976, -79.37927, -32.159424
1448470477447781396, 30.479431, -79.49982, -32.03888
1448470477467922998, 30.53894, -79.49982, -32.339478
1448470477488003564, 30.419922, -79.559326, -32.398987
1448470477508206201, 30.479431, -79.49982, -32.339478
1448470477528897119, 30.718994, -79.43878, -32.63855
1448470477548562667, 30.778503, -79.43878, -32.818604
1448470477568704268, 30.599976, -79.559326, -32.998657
1448470477588845870, 30.479431, -79.49982, -32.759094
