1448470181964363613, 5.218506, -114.2395, 16.918945
1448470181990150966, 5.218506, -113.99994, 16.799927
1448470182003822841, 5.3390503, -113.819885, 16.97998
1448470182024422206, 5.039978, -113.63983, 17.03949
1448470182044045009, 4.9194336, -113.819885, 17.279053
1448470182064186611, 4.9194336, -113.879395, 17.69867
1448470182084358730, 4.978943, -113.75885, 17.518616
1448470182104469814, 5.039978, -113.879395, 17.69867
1448470182124764003, 5.039978, -113.99994, 17.878723
1448470182144691982, 5.218506, -114.11896, 18.058777
1448470182164925136, 5.1589966, -114.11896, 18.119812
1448470182185066738, 5.1589966, -114.2395, 18.058777
1448470182205177821, 5.3985596, -114.29901, 17.999268
1448470182225380458, 5.4595947, -114.419556, 17.939758
1448470182245491542, 5.4595947, -114.35852, 17.999268
1448470182265633144, 5.6991577, -114.479065, 17.69867
1448470182285713710, 5.519104, -114.35852, 17.57965
1448470182305885829, 5.279541, -114.11896, 17.338562
1448470182326576747, 5.3985596, -114.17999, 17.219543
1448470182346169032, 5.519104, -114.29901, 17.279053
1448470182366310634, 5.519104, -114.05945, 17.158508
1448470182386452236, 5.4595947, -113.9389, 17.03949
1448470182406593837, 5.279541, -113.99994, 16.97998
1448470182426857509, 5.1589966, -113.69934, 17.158508
1448470182446846523, 5.1589966, -113.879395, 17.03949
1448470182467134699, 5.218506, -114.05945, 17.098999
1448470182487245783, 5.0994873, -114.29901, 16.799927
1448470182507478938, 5.0994873, -114.17999, 16.859436
1448470182527590022, 5.0994873, -114.05945, 16.859436
1448470182547670588, 5.1589966, -114.2395, 17.098999
1448470182567903742, 5.519104, -114.35852, 17.338562
1448470182587892756, 5.519104, -114.29901, 17.279053
1448470182608095393, 5.6991577, -114.35852, 17.338562
1448470182628786311, 5.6991577, -114.419556, 17.518616
1448470182648378596, 5.5786133, -114.419556, 17.999268
1448470182668520197, 5.6991577, -114.419556, 17.878723
1448470182688661799, 5.5786133, -114.479065, 17.878723
1448470182708772883, 5.519104, -114.538574, 17.759705
1448470182729097590, 5.279541, -114.419556, 17.57965
1448470182748995051, 5.1589966, -114.479065, 17.69867
1448470182769228205, 5.0994873, -114.35852, 17.759705
1448470182789339289, 5.039978, -114.2395, 17.819214
1448470182809511408, 5.1589966, -114.2395, 17.69867
1448470182829775080, 5.218506, -114.11896, 17.939758
1448470182849886164, 5.218506, -114.2395, 17.878723
1448470182870058283, 5.4595947, -114.11896, 17.939758
1448470182890108332, 5.4595947, -114.11896, 17.999268
1448470182910280451, 5.519104, -114.2395, 18.058777
1448470182931917414, 5.3985596, -114.17999, 18.119812
1448470182951601252, 5.519104, -114.2395, 17.878723
1448470182971651301, 5.519104, -113.99994, 17.69867
1448470182991701350, 5.6991577, -113.9389, 17.518616
1448470183011903986, 5.5786133, -113.99994, 17.518616
1448470183032289729, 5.3390503, -113.819885, 17.518616
1448470183057863459, 5.3390503, -113.99994, 17.399597
1448470183073000178, 5.3985596, -113.99994, 17.338562
1448470183093141779, 5.519104, -114.11896, 17.338562
1448470183112611994, 5.519104, -114.17999, 17.518616
1448470183132875666, 5.519104, -114.35852, 17.69867
1448470183152986750, 5.3985596, -114.479065, 17.939758
1448470183173097834, 5.3985596, -114.65912, 17.878723
1448470183199068293, 5.3985596, -114.59961, 17.63916
1448470183218446955, 5.4595947, -114.419556, 17.63916
1448470183238374934, 5.3985596, -114.419556, 17.459106
1448470183253542170, 5.1589966, -114.538574, 17.399597
1448470183273683772, 5.279541, -114.479065, 17.338562
1448470183293886408, 5.1589966, -114.479065, 17.338562
1448470183313997492, 5.039978, -114.419556, 17.158508
1448470183333315119, 5.0994873, -114.11896, 17.158508
1448470183353273615, 5.218506, -114.35852, 17.338562
1448470183373476252, 5.039978, -114.59961, 17.399597
1448470183393617854, 4.8599243, -114.59961, 17.63916
1448470183413789973, 4.9194336, -114.538574, 17.759705
1448470183434084162, 4.6798706, -114.419556, 17.759705
1448470183454134211, 4.6798706, -114.419556, 17.69867
1448470183474245295, 4.798889, -114.29901, 17.63916
1448470183494386897, 4.9194336, -114.2395, 17.57965
1448470183514559016, 4.978943, -114.11896, 17.57965
1448470183535249934, 5.039978, -113.75885, 17.518616
1448470183554811701, 5.4595947, -113.819885, 17.219543
1448470183574892268, 5.4595947, -113.63983, 17.158508
1448470183595033869, 5.4595947, -113.69934, 17.03949
1448470183615175471, 5.5786133, -113.69934, 16.97998
1448470183635561213, 5.5786133, -113.9389, 16.918945
1448470183655550227, 5.5786133, -113.9389, 16.97998
1448470183675691828, 5.519104, -114.05945, 17.03949
1448470183695833430, 5.5786133, -114.17999, 17.158508
1448470183715975031, 5.4595947, -113.99994, 17.219543
1448470183736208186, 5.6991577, -114.17999, 17.098999
1448470183756288752, 5.758667, -114.29901, 17.158508
1448470183776308283, 5.6396484, -114.17999, 17.03949
1448470183796358332, 5.6396484, -113.819885, 17.03949
1448470183816622004, 5.6991577, -113.99994, 17.03949
1448470183837251887, 5.819702, -113.879395, 17.03949
1448470183856935725, 5.8792114, -113.879395, 16.97998
1448470183876985774, 5.9387207, -114.05945, 16.97998
1448470183897157893, 5.819702, -114.11896, 16.859436
1448470183917268977, 5.758667, -113.99994, 16.97998
1448470183937563166, 5.758667, -114.17999, 17.03949
1448470183957521662, 5.5786133, -114.17999, 17.03949
1448470183977754817, 5.519104, -114.11896, 17.098999
1448470183997835383, 5.279541, -113.9389, 17.098999
1448470184018068537, 5.1589966, -113.879395, 17.158508
1448470184038423762, 5.039978, -113.879395, 17.03949
1448470184058382258, 4.798889, -113.75885, 17.338562
1448470184078523860, 4.798889, -113.69934, 17.219543
1448470184098604426, 4.8599243, -113.69934, 17.338562
1448470184118807063, 4.8599243, -113.5788, 17.518616
1448470184139467463, 4.73938, -113.51929, 17.63916
1448470184159059748, 4.73938, -113.879395, 17.518616
1448470184179231867, 4.73938, -113.879395, 17.399597
1448470184199434504, 4.9194336, -113.879395, 17.819214
1448470184219515070, 5.0994873, -113.819885, 17.69867
1448470184239931330, 5.1589966, -114.11896, 17.69867
1448470184260622248, 4.978943, -114.11896, 17.69867
1448470184280824885, 4.978943, -114.29901, 17.819214
1448470184300905451, 4.9194336, -114.17999, 17.57965
1448470184321108088, 5.0994873, -113.99994, 17.819214
1448470184341249690, 5.218506, -113.99994, 17.878723
1448470184361330256, 5.0994873, -113.9389, 17.69867
1448470184381471858, 5.039978, -113.99994, 17.69867
1448470184407320246, 5.039978, -113.879395, 17.63916
1448470184421083674, 4.978943, -113.9389, 17.759705
1448470184441499934, 5.039978, -114.05945, 17.759705
1448470184461183772, 5.0994873, -114.29901, 17.819214
1448470184481233820, 5.039978, -114.35852, 17.878723
1448470184501375422, 4.978943, -114.419556, 17.819214
1448470184521517024, 4.798889, -114.29901, 17.999268
1448470184541811213, 4.8599243, -114.29901, 17.999268
1448470184561739192, 4.73938, -114.2395, 18.119812
1448470184581941828, 5.039978, -114.11896, 17.939758
1448470184602113947, 5.1589966, -114.05945, 18.058777
1448470184622347102, 5.218506, -113.879395, 18.179321
1448470184642610774, 5.218506, -113.9389, 17.999268
1448470184662691340, 5.1589966, -113.879395, 18.058777
1448470184682771906, 5.3390503, -113.99994, 17.878723
1448470184702913508, 5.519104, -114.11896, 17.819214
1448470184722872004, 5.5786133, -113.9389, 17.63916
1448470184743654475, 5.519104, -113.9389, 17.759705
1448470184763246760, 5.279541, -113.9389, 17.57965
1448470184783388361, 5.279541, -114.05945, 17.69867
1448470184803499445, 5.218506, -113.99994, 17.57965
1448470184823671565, 5.279541, -114.05945, 17.69867
1448470184843935236, 5.1589966, -114.05945, 17.759705
1448470184863893733, 5.039978, -113.99994, 17.878723
1448470184884096369, 5.0994873, -114.11896, 18.119812
1448470184904268488, 5.1589966, -114.11896, 18.179321
1448470184924379572, 5.1589966, -114.11896, 18.179321
1448470184944582209, 5.039978, -114.11896, 17.878723
1448470184964632258, 5.0994873, -114.05945, 17.759705
1448470184984804377, 5.039978, -114.05945, 17.69867
1448470185004854426, 5.039978, -113.99994, 17.63916
1448470185025118098, 5.039978, -113.99994, 17.518616
1448470185045778498, 4.9194336, -114.05945, 17.279053
1448470185065401301, 4.559326, -113.879395, 17.338562
1448470185085512385, 4.73938, -113.9389, 17.158508
1448470185105653986, 4.798889, -114.05945, 17.338562
1448470185125795588, 4.73938, -114.11896, 17.399597
1448470185146120295, 4.73938, -114.17999, 17.279053
1448470185166017756, 4.798889, -114.2395, 17.279053
1448470185186220393, 4.8599243, -114.419556, 17.399597
1448470185206361994, 4.978943, -114.29901, 17.459106
1448470185226595149, 5.3390503, -114.29901, 17.219543
1448470185246828303, 5.3985596, -114.29901, 17.338562
1448470185266878352, 5.5786133, -114.11896, 17.279053
1448470185287019953, 5.3985596, -114.2395, 17.399597
1448470185307100520, 5.3390503, -114.29901, 17.338562
1448470185327303156, 5.3390503, -114.2395, 17.338562
1448470185347994074, 5.1589966, -114.11896, 17.219543
1448470185367494807, 5.1589966, -114.2395, 17.158508
1448470185387636408, 5.0994873, -114.538574, 17.279053
1448470185407778010, 5.1589966, -114.538574, 17.098999
1448470185427950129, 4.978943, -114.538574, 17.338562
1448470185448213801, 5.218506, -114.35852, 17.279053
1448470185468263850, 5.3390503, -114.2395, 17.338562
1448470185488435969, 5.4595947, -114.35852, 17.459106
1448470185508547053, 5.6991577, -114.419556, 17.69867
1448470185528719172, 5.5786133, -114.419556, 17.999268
1448470185548952326, 5.4595947, -114.11896, 17.999268
1448470185569002375, 5.218506, -114.17999, 18.299866
1448470185589143977, 5.3985596, -114.2395, 18.058777
1448470185609163508, 5.3390503, -114.419556, 18.23883
1448470185629335627, 5.279541, -114.29901, 18.23883
1448470185650026545, 5.218506, -114.11896, 18.23883
1448470185670003448, 5.3390503, -114.2395, 18.119812
1448470185690175567, 5.4595947, -113.99994, 18.058777
1448470185710286651, 5.758667, -114.11896, 18.058777
1448470185730428253, 5.999756, -114.11896, 17.939758
1448470185750722442, 5.999756, -114.05945, 18.058777
1448470185770619903, 6.1798096, -113.879395, 17.939758
1448470185790883575, 6.059265, -113.9389, 17.939758
1448470185810964142, 6.1187744, -113.99994, 17.819214
1448470185831227813, 5.8792114, -113.9389, 17.878723
1448470185851522003, 5.819702, -113.99994, 17.878723
1448470185871511017, 5.519104, -113.819885, 17.939758
1448470185891713653, 5.3390503, -113.69934, 17.999268
1448470185911794220, 5.4595947, -113.45978, 17.939758
1448470185931935821, 5.218506, -113.33923, 18.058777
1448470185952596222, 5.3390503, -113.15918, 17.939758
1448470185972219024, 5.279541, -113.21869, 17.999268
1448470185992421661, 5.6396484, -112.85858, 17.819214
1448470186012502228, 5.3985596, -112.79907, 17.939758
1448470186032674347, 5.519104, -112.73956, 17.819214
1448470186052907501, 5.4595947, -112.85858, 17.939758
1448470186072927032, 5.4595947, -112.979126, 17.999268
1448470186093068634, 5.5786133, -112.79907, 17.878723
1448470186113210235, 5.6991577, -113.038635, 17.939758
1448470186133382354, 5.758667, -112.73956, 18.058777
1448470186153554474, 5.4595947, -112.73956, 18.299866
1448470186173635040, 5.819702, -112.67853, 18.058777
1448470186193746124, 5.8792114, -112.5, 18.058777
1448470186214040313, 5.758667, -112.31995, 17.999268
1448470186234914337, 5.6991577, -112.1994, 18.058777
1448470186255605255, 5.6991577, -112.25891, 18.299866
1448470186275258575, 5.6991577, -112.13989, 18.359375
1448470186295339142, 5.6991577, -111.95984, 18.359375
1448470186315511261, 5.6991577, -111.839294, 18.23883
1448470186335652862, 5.6396484, -111.71875, 18.359375
1448470186355916534, 5.6396484, -111.59973, 18.119812
1448470186375325714, 5.6396484, -111.35864, 18.119812
1448470186395101104, 5.758667, -111.17859, 18.058777
1448470186415242706, 5.758667, -110.998535, 17.878723
1448470186435353790, 5.6396484, -110.81848, 17.999268
1448470186455586944, 5.6396484, -110.75897, 17.819214
1448470186475636993, 5.6991577, -110.57892, 17.759705
1448470186495809112, 5.758667, -110.339355, 17.63916
1448470186515889679, 5.758667, -110.21881, 17.939758
1448470186536092315, 5.9387207, -109.97925, 17.878723
1448470186556752716, 5.6991577, -109.8587, 17.939758
1448470186576375519, 5.6991577, -109.67865, 18.119812
1448470186596486603, 5.819702, -109.55963, 18.23883
1448470186616750274, 5.758667, -109.43909, 18.418884
1448470186636891876, 5.9387207, -109.31854, 18.47992
1448470186657216583, 5.8792114, -109.31854, 18.659973
1448470186677144562, 6.059265, -108.898926, 18.47992
1448470186697377716, 5.9387207, -108.71887, 18.539429
1448470186717458282, 6.298828, -108.53882, 18.47992
1448470186737660919, 6.298828, -108.239746, 18.299866
1448470186757802521, 6.298828, -107.87964, 18.058777
1448470186777883087, 6.4193726, -107.51953, 17.878723
1448470186797841583, 6.478882, -107.458496, 17.878723
1448470186818135772, 6.7199707, -106.858826, 17.759705
1448470186838216339, 6.6589355, -106.858826, 17.819214
1448470186858876739, 6.77948, -106.67877, 17.57965
1448470186878469024, 6.6589355, -106.61926, 17.759705
1448470186898610626, 6.77948, -106.73981, 17.518616
1448470186918782745, 6.77948, -106.49872, 17.57965
1448470186938985382, 6.8389893, -106.199646, 17.63916
1448470186959279571, 6.6589355, -105.659485, 17.518616
1448470186979146515, 6.478882, -105.599976, 17.63916
1448470186999379669, 6.478882, -105.47943, 17.459106
1448470187019490753, 6.478882, -105.23987, 17.57965
1448470187039601837, 6.478882, -104.69971, 17.399597
1448470187060689483, 6.6589355, -104.219055, 17.518616
1448470187080800567, 6.77948, -103.97949, 17.338562
1448470187100972687, 6.8389893, -103.97949, 17.158508
1448470187125234161, 7.019043, -103.97949, 16.799927
1448470187140401397, 7.258606, -103.73993, 16.619873
1448470187161092315, 7.258606, -103.43933, 16.499329
1448470187180623565, 7.258606, -103.19977, 16.079712
1448470187200765167, 7.3791504, -103.25928, 16.139221
1448470187220906769, 7.3791504, -102.83966, 15.779114
1448470187241048370, 7.499695, -102.59857, 15.59906
1448470187261342560, 7.559204, -102.35901, 15.359497
1448470187281386603, 7.499695, -102.05994, 15.299988
1448470187301558722, 7.6187134, -101.87988, 14.93988
1448470187321730841, 7.8598022, -101.638794, 14.579773
1448470187341872443, 8.039856, -101.39923, 14.279175
1448470187362075079, 8.21991, -101.03912, 13.55896
1448470187382094610, 8.099365, -100.979614, 13.378906
1448470187402266730, 8.338928, -100.679016, 13.139343
1448470187422316778, 8.518982, -100.379944, 12.95929
1448470187442549933, 8.639526, -99.9588, 12.478638
1448470187463301886, 8.639526, -99.77875, 12.298584
1448470187482985724, 8.639526, -99.65973, 12.11853
1448470187503035773, 8.699036, -99.41864, 11.819458
1448470187523268927, 8.81958, -99.17908, 11.579895
1448470187544234503, 9.059143, -98.939514, 11.099243
1448470187566085089, 8.879089, -98.638916, 10.618591
1448470187589827765, 9.059143, -98.33984, 9.959412
1448470187604781378, 8.938599, -98.27881, 9.838867
1448470187624831427, 9.059143, -98.27881, 9.239197
1448470187644973028, 9.1796875, -98.039246, 8.81958
1448470187665175665, 9.359741, -97.85919, 8.459473
1448470187685286749, 9.239197, -97.79968, 8.099365
1448470187705367316, 9.239197, -97.439575, 7.6797485
1448470187731246222, 9.599304, -97.439575, 7.1395874
1448470187746291388, 9.658813, -97.25952, 6.8984985
1448470187766249884, 9.959412, -96.95892, 6.059265
1448470187785964239, 9.959412, -96.53931, 5.6396484
1448470187806044806, 10.139465, -96.23871, 5.1589966
1448470187825209845, 10.079956, -95.93964, 4.73938
1448470187845320929, 10.319519, -95.63904, 4.0786743
1448470187865645636, 10.499573, -95.69855, 3.5385132
1448470187885634650, 10.319519, -95.399475, 3.1799316
1448470187905806769, 10.438538, -95.458984, 2.6397705
1448470187925948370, 10.679626, -95.57953, 1.979065
1448470187946089972, 10.85968, -95.57953, 1.3793945
1448470187966384161, 10.978699, -95.57953, 0.5996704
1448470187986373175, 10.978699, -95.458984, -0.17852783
1448470188006514776, 11.099243, -95.399475, -0.6591797
1448470188026595343, 11.338806, -95.15991, -1.4389038
1448470188046797980, 11.459351, -95.399475, -2.279663
1448470188067488898, 11.639404, -95.09888, -2.8198242
1448470188087050665, 11.759949, -94.97986, -3.3599854
1448470188107253302, 11.639404, -94.97986, -4.1397095
1448470188127333868, 11.878967, -94.799805, -4.73938
1448470188147536505, 12.059021, -94.97986, -5.279541
1448470188167800177, 12.298584, -94.91882, -5.999756
1448470188187728155, 12.478638, -95.21942, -6.298828
1448470188207930792, 12.478638, -95.27893, -6.7199707
1448470188228072394, 12.599182, -95.339966, -7.258606
1448470188248244513, 12.658691, -95.339966, -7.739258
1448470188268508185, 13.079834, -95.339966, -8.338928
1448470188288588751, 13.139343, -95.63904, -8.639526
1448470188308699835, 13.259888, -95.75958, -9.47876
1448470188328810919, 13.319397, -95.93964, -10.018921
1448470188349013556, 13.499451, -95.93964, -10.559082
1448470188369765509, 13.798523, -95.81909, -10.919189
1448470188389296759, 14.039612, -96.23871, -11.399841
1448470188409407843, 14.099121, -96.41876, -11.999512
1448470188429549444, 14.4592285, -96.71936, -12.179565
1448470188449721564, 14.639282, -96.71936, -12.779236
1448470188469985235, 14.819336, -96.71936, -12.95929
1448470188490004767, 15.238953, -96.71936, -13.439941
1448470188510268439, 15.419006, -96.899414, -14.099121
1448470188530287970, 15.539551, -97.25952, -14.93988
1448470188550429571, 15.899658, -97.25952, -15.299988
1448470188570632208, 16.259766, -97.37854, -15.419006
1448470188590712775, 16.319275, -97.37854, -15.9591675
1448470188610854376, 16.679382, -97.67914, -16.378784
1448470188630995978, 17.158508, -98.039246, -16.738892
1448470188651137579, 17.158508, -98.5199, -16.97998
1448470188671797980, 17.459106, -98.57941, -17.279053
1448470188691481818, 17.819214, -98.87848, -17.338562
1448470188711531866, 17.999268, -99.17908, -17.878723
1448470188731612433, 18.119812, -99.479675, -18.359375
1448470188751784552, 18.299866, -99.598694, -18.719482
1448470188772048224, 18.23883, -99.83978, -18.899536
1448470188791945685, 18.23883, -100.138855, -19.319153
1448470188812178839, 18.598938, -100.2594, -19.619751
1448470188832411993, 18.838501, -100.61951, -19.67926
1448470188852553595, 19.198608, -100.679016, -20.039368
1448470188873732794, 19.378662, -100.79956, -20.098877
1448470188893752325, 19.73877, -100.979614, -20.399475
1448470188913832892, 20.098877, -101.45874, -20.579529
1448470188939925421, 20.698547, -101.69983, -20.759583
1448470188959151495, 21.11969, -101.93939, -20.939636
1448470188974837530, 21.299744, -102.23999, -20.999146
1448470188994521368, 21.659851, -102.2995, -21.359253
1448470189014540900, 21.77887, -102.65961, -21.479797
1448470189033705939, 21.958923, -102.778625, -21.479797
1448470189053939093, 22.138977, -103.31879, -21.299744
1448470189074141730, 22.439575, -103.678894, -21.299744
1448470189094100226, 22.619629, -103.91998, -21.418762
1448470189114272345, 22.799683, -104.159546, -21.359253
1448470189134444464, 23.2193, -104.51965, -21.418762
1448470189154616583, 23.2193, -104.99878, -21.11969
1448470189174788702, 23.339844, -105.059814, -20.939636
1448470189194869269, 23.699951, -105.41992, -20.878601
1448470189215071905, 23.939514, -105.599976, -20.759583
1448470189235182989, 24.179077, -105.7785, -20.639038
1448470189255355109, 24.238586, -106.13861, -20.219421
1448470189276076544, 24.35913, -106.3797, -20.098877
1448470189295668829, 24.659729, -106.49872, -19.67926
1448470189315810431, 25.019836, -106.67877, -19.558716
1448470189336013068, 25.138855, -107.03888, -19.259644
1448470189356093634, 25.2594, -107.33948, -18.899536
1448470189376387823, 25.498962, -107.51953, -18.778992
1448470189396437872, 25.619507, -107.759094, -18.598938
1448470189416518439, 25.91858, -107.759094, -18.47992
1448470189436537970, 26.159668, -107.93915, -17.939758
1448470189456679571, 26.219177, -108.17871, -17.878723
1448470189476912726, 26.399231, -108.4198, -17.57965
1448470189496993292, 26.69983, -108.59985, -17.57965
1448470189517134894, 26.879883, -108.71887, -17.279053
1448470189537245978, 27.059937, -109.13849, -16.918945
1448470189557418097, 27.23999, -109.31854, -16.679382
1448470189578078497, 27.2995, -109.43909, -16.378784
1448470189597701300, 27.359009, -109.799194, -16.378784
1448470189617903937, 27.539062, -109.8587, -15.838623
1448470189638076056, 27.479553, -109.97925, -15.658569
1448470189658217657, 27.479553, -110.09979, -15.238953
1448470189678481329, 27.539062, -110.27985, -15.238953
1448470189698500860, 27.719116, -110.09979, -15.058899
1448470189718642462, 27.659607, -109.97925, -14.759827
1448470189738784064, 27.778625, -110.398865, -14.338684
1448470189758925665, 27.83966, -110.21881, -13.739014
1448470189779128302, 27.778625, -110.51941, -13.55896
1448470189800154913, 28.079224, -110.63995, -13.198853
1448470189820204962, 28.379822, -110.69946, -12.95929
1448470189846205939, 28.619385, -110.69946, -12.419128
1448470189865523566, 28.318787, -110.939026, -12.11853
1448470189881270636, 28.619385, -111.11908, -11.759949
1448470189900710333, 28.619385, -110.81848, -11.51886
1448470189920088995, 28.73993, -110.998535, -11.459351
1448470189940108526, 28.678894, -111.05957, -11.158752
1448470189960280646, 28.619385, -110.998535, -10.978699
1448470189980544318, 28.559875, -111.41968, -10.618591
1448470190000472296, 28.439331, -111.47919, -10.499573
1448470190020705450, 28.678894, -111.41968, -10.499573
1448470190040816534, 28.259277, -111.47919, -10.258484
1448470190060958136, 28.259277, -111.779785, -10.139465
1448470190081160773, 28.199768, -111.839294, -9.838867
1448470190101241339, 28.379822, -111.95984, -9.719849
1448470190121352423, 28.138733, -112.25891, -9.539795
1448470190141463507, 28.019714, -112.438965, -9.298706
1448470190161635626, 27.95868, -112.55951, -9.239197
1448470190182357062, 27.719116, -112.79907, -8.518982
1448470190201949347, 27.95868, -112.979126, -8.399963
1448470190222060431, 28.019714, -113.038635, -8.21991
1448470190242263068, 28.079224, -113.21869, -8.21991
1448470190262465704, 28.138733, -113.21869, -8.338928
1448470190282729376, 28.318787, -113.09967, -8.21991
1448470190302718390, 28.318787, -113.279724, -8.399963
1448470190322890509, 28.138733, -113.5788, -8.279419
1448470190343032110, 28.199768, -113.69934, -8.578491
1448470190363295782, 28.199768, -113.9389, -8.518982
1448470190384230841, 28.318787, -113.99994, -8.639526
1448470190404311407, 28.199768, -114.29901, -8.639526
1448470190424483526, 28.138733, -114.65912, -8.518982
1448470190450331915, 28.138733, -115.078735, -8.639526
1448470190465377081, 27.89917, -115.078735, -8.399963
1448470190485811994, 27.95868, -115.19928, -8.518982
1448470190505434797, 28.138733, -115.55939, -8.459473
1448470190525423811, 28.019714, -115.73944, -8.578491
1448470190545595930, 27.598572, -115.859985, -8.338928
1448470190565707014, 27.719116, -116.03851, -8.21991
1448470190586001203, 27.659607, -116.2796, -8.279419
1448470190611300275, 27.479553, -116.519165, -8.099365
1448470190625216291, 27.659607, -116.75873, -7.9193115
1448470190645357893, 27.719116, -117.118835, -7.499695
1448470190665530012, 27.479553, -117.23938, -7.6187134
1448470190685732648, 27.119446, -117.53998, -7.3791504
1448470190705782697, 27.059937, -118.19916, -7.258606
1448470190725954816, 26.879883, -118.43872, -7.319641
1448470190746065900, 26.69983, -118.43872, -7.319641
1448470190766238020, 26.818848, -118.73932, -7.0785522
1448470190786928938, 26.69983, -119.158936, -7.019043
1448470190806521223, 26.519775, -119.33899, -7.1395874
1448470190826754377, 26.519775, -119.6991, -6.7199707
1448470190846957014, 26.579285, -120.23926, -6.8389893
1448470190867098615, 26.818848, -120.29877, -6.8984985
1448470190887301252, 26.759338, -120.71991, -6.9595337
1448470190907290266, 26.818848, -121.258545, -6.9595337
1448470190927401350, 26.579285, -121.61865, -7.258606
1448470190947542951, 26.45874, -121.67969, -7.4386597
1448470190967654035, 26.339722, -121.91925, -7.4386597
1448470190987856672, 26.159668, -121.85974, -7.739258
1448470191007937238, 26.219177, -121.97876, -7.6187134
1448470191028109357, 25.85907, -122.27936, -7.559204
1448470191048159406, 25.738525, -122.27936, -7.4386597
1448470191068453596, 25.559998, -122.3999, -7.1395874
1448470191089144514, 25.559998, -122.3999, -6.9595337
1448470191108767316, 25.318909, -122.87903, -6.7199707
1448470191128908918, 25.019836, -122.99957, -6.6589355
1448470191149020002, 24.778748, -123.298645, -6.3598633
1448470191169161604, 24.479675, -123.298645, -6.239319
1448470191189455793, 24.41864, -123.298645, -5.9387207
1448470191209414289, 24.119568, -123.4787, -5.6396484
1448470191229647443, 23.878479, -123.539734, -5.6396484
1448470191249850080, 23.75946, -123.65875, -5.3390503
1448470191269869611, 23.458862, -123.298645, -5.3390503
1448470191290072248, 23.339844, -123.539734, -5.279541
1448470191310824201, 23.2193, -123.65875, -5.279541
1448470191331148908, 23.039246, -123.71979, -5.1589966
1448470191356966779, 22.799683, -123.89984, -5.4595947
1448470191370852277, 22.918701, -124.139404, -5.3985596
1448470191391176984, 22.738647, -124.139404, -5.1589966
1448470191410799787, 22.138977, -123.95935, -5.218506
1448470191430941389, 21.839905, -124.31946, -4.9194336
1448470191451082990, 21.598816, -124.139404, -4.9194336
1448470191471224592, 21.359253, -124.31946, -4.798889
1448470191491488264, 21.11969, -124.25995, -4.6798706
1448470191511416242, 20.819092, -124.139404, -4.3792725
1448470191531618879, 20.219421, -124.01886, -4.4387817
1448470191551790998, 19.979858, -123.89984, -4.4387817
1448470191571902082, 19.799805, -124.01886, -4.4387817
1448470191592135236, 19.799805, -124.079895, -4.4387817
1448470191612215803, 19.67926, -123.95935, -4.258728
1448470191632387922, 19.558716, -123.539734, -4.319763
1448470191652468488, 19.439697, -123.59924, -4.319763
1448470191672701643, 19.1391, -123.4787, -4.4387817
1448470191693362043, 19.018555, -123.35968, -4.1992188
1448470191712984846, 18.838501, -123.11859, -4.319763
1448470191733126447, 18.838501, -122.93854, -4.258728
1448470191753268049, 18.598938, -122.639465, -4.1992188
1448470191773470686, 18.359375, -122.639465, -4.499817
1448470191793673322, 18.058777, -122.51892, -4.3792725
1448470191813692854, 17.819214, -122.15881, -4.4387817
1448470191833895490, 17.69867, -121.85974, -4.4387817
1448470191853976057, 17.459106, -121.798706, -4.9194336
1448470191874117658, 17.219543, -121.798706, -4.798889
1448470191894320295, 16.918945, -121.49963, -4.9194336
1448470191914400861, 16.679382, -121.258545, -5.279541
1448470191934542463, 16.558838, -120.89996, -5.279541
1448470191954623029, 16.378784, -120.83893, -5.4595947
1448470191974886701, 16.378784, -120.77942, -5.6991577
1448470191995486066, 16.319275, -120.47882, -5.819702
1448470192015139387, 16.259766, -120.3598, -5.5786133
1448470192035158918, 16.19873, -120.23926, -5.999756
1448470192055331037, 16.139221, -120.17975, -6.239319
1448470192075497093, 16.018677, -120.17975, -6.239319
1448470192095821800, 16.079712, -120.3598, -6.4193726
1448470192115780296, 16.079712, -120.059204, -6.5994263
1448470192135921897, 16.018677, -119.93866, -6.7199707
1448470192156063499, 15.899658, -120.059204, -6.9595337
1448470192176235618, 15.838623, -119.87915, -7.319641
1448470192196438255, 15.779114, -119.63959, -7.3791504
1448470192216518821, 15.9591675, -119.6991, -7.499695
1448470192236629905, 15.9591675, -119.57855, -7.9193115
1448470192256740989, 15.658569, -119.45953, -8.1588745
1448470192276943626, 15.539551, -119.51904, -8.518982
1448470192297634544, 15.359497, -119.09943, -8.518982
1448470192317226829, 15.179443, -118.97888, -8.938599
1448470192337368430, 15.238953, -118.85986, -8.999634
1448470192357479514, 15.419006, -118.85986, -9.239197
1448470192377651634, 15.058899, -118.73932, -9.47876
1448470192397915305, 15.058899, -118.618774, -9.539795
1448470192417934837, 15.238953, -118.37921, -9.4192505
1448470192438167991, 15.299988, -118.19916, -9.4192505
1448470192458279075, 15.359497, -118.499756, -9.959412
1448470192478451194, 15.419006, -118.499756, -9.838867
1448470192498714866, 15.359497, -118.3197, -10.079956
1448470192518703880, 15.238953, -118.13965, -10.139465
1448470192538875999, 15.478516, -117.959595, -10.438538
1448470192558926048, 15.658569, -117.77954, -10.618591
1448470192579159202, 15.7196045, -117.659, -10.919189
1448470192599819602, 15.59906, -117.59949, -10.978699
1448470192619411887, 15.478516, -117.59949, -10.798645
1448470192639584007, 15.539551, -117.47894, -10.85968
1448470192659695091, 15.419006, -117.47894, -10.978699
1448470192679928245, 15.359497, -117.53998, -10.978699
1448470192700161399, 15.179443, -117.659, -10.739136
1448470192720058860, 15.058899, -117.659, -10.499573
1448470192740230979, 14.819336, -117.718506, -10.258484
1448470192760342063, 14.93988, -117.53998, -10.379028
1448470192780483665, 15.058899, -117.23938, -10.319519
1448470192800716819, 15.119934, -117.23938, -10.258484
1448470192820797386, 15.299988, -117.118835, -10.139465
1448470192840908469, 15.359497, -116.93878, -10.079956
1448470192860958518, 15.658569, -116.63971, -10.258484
1448470192881191673, 15.7196045, -116.39862, -10.258484
1448470192901882591, 15.899658, -116.15906, -10.559082
1448470192921474876, 15.899658, -116.2796, -10.379028
1448470192941585960, 15.899658, -116.21857, -10.618591
1448470192961788596, 15.899658, -115.859985, -10.679626
1448470192981899680, 15.899658, -115.919495, -10.739136
1448470193002193870, 15.899658, -115.919495, -10.798645
1448470193022213401, 15.658569, -115.919495, -10.679626
1448470193042416038, 15.478516, -115.919495, -10.919189
1448470193062557639, 15.238953, -115.67993, -10.978699
1448470193082699241, 15.179443, -115.55939, -11.279297
1448470193102901878, 14.99939, -115.49988, -11.039734
1448470193122799339, 14.93988, -115.55939, -11.219788
1448470193143032493, 14.639282, -115.49988, -11.279297
1448470193163174094, 14.639282, -115.19928, -11.399841
1448470193183285178, 14.819336, -115.019226, -11.639404
1448470193203976096, 14.759827, -115.019226, -11.459351
1448470193223690452, 14.759827, -114.89868, -11.579895
1448470193243801536, 14.759827, -114.65912, -11.459351
1448470193264034690, 14.759827, -114.419556, -11.819458
1448470193284176292, 14.518738, -114.2395, -11.759949
1448470193304409446, 14.639282, -114.11896, -11.819458
1448470193324398460, 14.4592285, -113.879395, -11.759949
1448470193344540061, 14.219666, -113.819885, -11.639404
1448470193364681663, 14.15863, -113.5788, -11.698914
1448470193384823264, 13.919067, -113.51929, -11.459351
1448470193405941428, 13.798523, -113.51929, -11.579895
1448470193425045432, 13.739014, -113.51929, -11.279297
1448470193445125999, 13.679504, -113.39874, -11.158752
1448470193465328636, 13.439941, -113.15918, -11.099243
1448470193485439719, 13.259888, -113.279724, -11.039734
1448470193506069602, 13.079834, -113.09967, -10.919189
1448470193526607932, 12.95929, -112.979126, -11.039734
1448470193546841087, 12.95929, -112.73956, -11.039734
1448470193566646995, 12.838745, -112.379456, -10.798645
1448470193586178245, 12.419128, -112.1994, -11.039734
1448470193606441917, 12.359619, -112.13989, -11.158752
1448470193626369895, 12.298584, -112.13989, -11.158752
1448470193646603050, 11.819458, -112.25891, -11.099243
1448470193666744651, 11.51886, -112.13989, -11.039734
1448470193686886253, 11.279297, -112.01935, -10.85968
1448470193707058372, 11.158752, -112.01935, -10.85968
1448470193727138938, 11.039734, -111.95984, -10.919189
1448470193747280540, 10.978699, -112.01935, -10.679626
1448470193767361106, 10.739136, -112.01935, -10.499573
1448470193787563743, 10.798645, -111.779785, -10.198975
1448470193808224143, 10.85968, -111.47919, -10.258484
1448470193827938499, 10.679626, -111.239624, -10.018921
1448470193848080100, 10.679626, -111.239624, -9.719849
1448470193868221702, 10.798645, -111.239624, -9.4192505
1448470193888363303, 10.559082, -111.29913, -8.879089
1448470193908626975, 10.559082, -111.17859, -8.518982
1448470193928707542, 10.319519, -111.17859, -8.1588745
1448470193948849143, 9.838867, -110.939026, -7.9193115
1448470193968990745, 9.658813, -110.81848, -7.4386597
1448470193989071311, 9.599304, -110.75897, -7.1990967
1448470194009273948, 9.1796875, -110.57892, -6.8389893
1448470194029354514, 8.758545, -110.27985, -6.539917
1448470194049496116, 8.639526, -110.09979, -6.1798096
1448470194069576682, 8.459473, -109.799194, -5.9387207
1448470194089779319, 8.338928, -109.31854, -5.758667
1448470194110439719, 8.039856, -109.25903, -5.3390503
1448470194130062522, 7.8598022, -109.13849, -5.039978
1448470194150204124, 7.559204, -108.95996, -4.73938
1448470194170345725, 7.499695, -108.77991, -4.6188354
1448470194190548362, 7.319641, -108.898926, -4.258728
1448470194210750999, 7.019043, -108.53882, -4.3792725
1448470194230831565, 6.7199707, -108.47931, -4.019165
1448470194250912132, 6.5994263, -108.47931, -3.718567
1448470194271053733, 6.6589355, -108.17871, -3.5995483
1448470194291195335, 6.5994263, -107.87964, -3.3599854
1448470194311397971, 6.539917, -107.759094, -2.999878
1448470194331478538, 6.5994263, -107.699585, -2.8198242
1448470194351681175, 6.539917, -107.33948, -2.6992798
1448470194371639671, 6.298828, -107.159424, -2.218628
1448470194391842307, 5.999756, -107.03888, -2.1591187
1448470194412441673, 5.6396484, -107.03888, -2.218628
1448470194432125511, 5.218506, -106.73981, -1.9195557
1448470194452206077, 4.978943, -106.67877, -1.739502
1448470194472408714, 4.6188354, -106.318665, -1.6189575
1448470194492519798, 4.258728, -105.95856, -1.499939
1448470194512783469, 3.8391113, -105.29938, -1.3793945
1448470194532833518, 3.6590576, -105.059814, -1.3793945
1448470194553066673, 3.479004, -104.57916, -1.0192871
1448470194573513450, 3.6590576, -103.79944, -0.53863525
1448470194594234886, 3.5385132, -103.678894, -0.47912598
1448470194614590110, 3.4194946, -103.019714, -0.29907227
1448470194634640159, 3.3599854, -102.71912, -0.23956299
1448470194654720725, 3.1188965, -102.23999, 0.0
1448470194675106468, 2.9388428, -102.23999, 0.119018555
1448470194694027366, 2.8198242, -101.9989, 0.47912598
1448470194714718284, 2.8198242, -101.75934, 0.53863525
1448470194734371604, 2.5787354, -101.638794, 0.47912598
1448470194754452171, 2.6397705, -101.27869, 0.5996704
1448470194774532737, 2.3391724, -100.979614, 0.71868896
1448470194794735374, 2.218628, -100.738525, 0.8392334
1448470194815029563, 1.979065, -100.379944, 0.8392334
1448470194835049094, 1.9195557, -100.138855, 1.0787964
1448470194855160178, 1.5594482, -99.71924, 0.8987427
1448470194875271262, 1.4389038, -99.29962, 0.8987427
1448470194895443382, 1.0192871, -98.939514, 1.0192871
1448470194915676536, 0.5996704, -98.75946, 1.1993408
1448470194935787620, 0.53863525, -98.638916, 1.0787964
1448470194955837669, 0.47912598, -98.27881, 1.2588501
1448470194975918235, 0.4196167, -98.2193, 1.3198853
1448470194996151389, 0.119018555, -97.85919, 1.2588501
1448470195016903343, -0.059509277, -97.61963, 1.499939
1448470195036526145, -0.29907227, -97.439575, 1.3793945
1448470195056667747, -0.5996704, -97.13898, 1.6189575
1448470195076748313, -0.5996704, -96.4798, 1.4389038
1448470195096950950, -0.8987427, -95.75958, 1.739502
1448470195117153587, -1.1993408, -95.51849, 1.6189575
1448470195137142600, -1.6799927, -94.799805, 1.739502
1448470195157314719, -1.739502, -94.37866, 1.7990112
1448470195177334251, -1.6799927, -93.8385, 1.6799927
1448470195197597923, -1.979065, -93.17932, 1.9195557
1448470195217800559, -1.979065, -92.759705, 1.6189575
1448470195237850608, -2.0996094, -92.57965, 1.6799927
1448470195257992210, -2.0996094, -92.33856, 1.2588501
1448470195278457350, -2.218628, -91.859436, 1.3793945
1448470195298629469, -2.1591187, -91.67938, 1.0787964
1448470195319320387, -2.3986816, -91.378784, 0.7797241
1448470195339004225, -2.6992798, -91.13922, 0.7797241
1448470195359084791, -2.758789, -91.01868, 0.53863525
1448470195379134840, -3.2989502, -91.07971, 0.71868896
1448470195399337477, -3.5385132, -90.95917, 0.6591797
1448470195419631666, -3.8986206, -90.83862, 0.8987427
1448470195439712233, -4.319763, -90.77911, 0.6591797
1448470195459823317, -4.6188354, -90.83862, 0.6591797
1448470195479934400, -4.6798706, -90.83862, 0.47912598
1448470195500259108, -4.73938, -90.89966, 0.119018555
1448470195520339674, -5.039978, -90.65857, -0.059509277
1448470195540389723, -5.039978, -90.53955, -0.35858154
1448470195561324781, -5.218506, -90.59906, -0.35858154
1448470195583846754, -5.3390503, -90.719604, -0.71868896
1448470195607742018, -5.279541, -90.89966, -0.8392334
1448470195625777906, -5.1589966, -90.95917, -1.1398315
1448470195641067213, -5.3985596, -90.83862, -1.0192871
1448470195661178297, -5.6991577, -90.65857, -1.0192871
1448470195681258863, -5.8792114, -90.719604, -1.2588501
1448470195701461500, -5.6991577, -90.77911, -1.3793945
1448470195721755690, -5.6396484, -90.65857, -1.8585205
1448470195741775221, -5.819702, -90.719604, -1.8585205
1448470195761886305, -5.999756, -90.53955, -2.0385742
1448470195781966871, -6.1187744, -90.53955, -2.0385742
1448470195802200025, -5.8792114, -90.77911, -2.279663
1448470195822463697, -5.9387207, -90.89966, -2.4597168
1448470195842544264, -5.819702, -91.13922, -2.218628
1448470195862685865, -5.999756, -91.19873, -2.3391724
1448470195882827467, -6.1798096, -91.19873, -2.279663
1448470195902969068, -5.999756, -91.19873, -2.6397705
1448470195923659986, -6.1187744, -91.43982, -2.5787354
1448470195943252272, -6.1187744, -91.43982, -2.8793335
1448470195963393873, -6.4193726, -91.43982, -2.999878
1448470195983443922, -6.1187744, -91.67938, -2.8793335
1448470196003738111, -5.819702, -91.73889, -3.2989502
1448470196023971266, -5.758667, -91.73889, -3.4194946
1448470196043960279, -5.6396484, -91.79993, -3.479004
1448470196064101881, -5.5786133, -91.97998, -3.2989502
1448470196084182447, -5.3390503, -92.03949, -3.479004
1448470196104385084, -5.519104, -92.099, -3.1799316
1448470196124618238, -5.279541, -92.099, -3.0593872
1448470196144668287, -5.279541, -91.79993, -3.1799316
1448470196164809889, -5.519104, -91.97998, -2.9388428
1448470196184951490, -5.519104, -91.97998, -2.8198242
1448470196205154127, -5.3985596, -92.15851, -2.8793335
1448470196225784010, -5.3390503, -92.099, -2.9388428
1448470196245498365, -5.218506, -91.97998, -2.519226
1448470196265517897, -4.978943, -91.97998, -2.758789
1448470196285598463, -4.8599243, -92.099, -2.8793335
1448470196305770582, -4.978943, -92.27905, -2.8793335
1448470196326064772, -4.6798706, -92.15851, -2.8793335
1448470196346053785, -4.499817, -92.15851, -2.5787354
1448470196366225904, -4.4387817, -91.97998, -2.3986816
1448470196386367506, -4.319763, -92.099, -2.3391724
1448470196406509108, -4.499817, -92.099, -2.5787354
1448470196426803297, -4.3792725, -92.21954, -2.519226
1448470196446792311, -4.4387817, -92.099, -2.4597168
1448470196466842359, -4.0786743, -92.03949, -2.3391724
1448470196486861891, -4.319763, -91.97998, -2.6992798
1448470196507125563, -4.319763, -92.099, -2.8198242
1448470196527908033, -4.319763, -92.099, -2.8198242
1448470196547500318, -4.319763, -91.97998, -2.999878
1448470196567641920, -3.8986206, -92.15851, -2.8198242
1448470196587783522, -3.718567, -92.099, -2.758789
1448470196607986158, -3.779602, -91.97998, -2.6992798
1448470196629104322, -3.6590576, -92.03949, -2.9388428
1448470196655074781, -3.479004, -92.45911, -2.3986816
1448470196674636549, -3.479004, -92.57965, -2.4597168
1448470196695327467, -3.3599854, -92.63916, -2.6397705
1448470196714950270, -3.3599854, -92.63916, -2.3391724
1448470196735000318, -3.3599854, -92.57965, -2.3391724
1448470196750320143, -3.3599854, -92.63916, -2.0385742
1448470196770065016, -3.1188965, -93.11981, -1.979065
1448470196792495436, -3.239441, -93.299866, -1.6799927
1448470196816085524, -3.0593872, -93.299866, -1.739502
1448470196829848951, -2.758789, -93.11981, -1.6189575
1448470196849532789, -2.758789, -93.11981, -1.5594482
1448470196869674391, -2.519226, -93.59894, -1.6189575
1448470196889840461, -2.279663, -93.8385, -1.6799927
1448470196910043098, -2.1591187, -94.07959, -2.0385742
1448470196930276252, -1.979065, -94.018555, -2.0385742
1448470196950326301, -1.7990112, -94.07959, -1.9195557
1448470196970467903, -1.7990112, -94.19861, -1.9195557
1448470196990548469, -1.7990112, -94.4397, -1.8585205
1448470197010781623, -1.5594482, -94.91882, -1.7990112
1448470197031075813, -1.3198853, -95.03937, -1.6189575
1448470197051125862, -1.4389038, -95.09888, -1.6189575
1448470197071236946, -1.2588501, -95.21942, -1.3198853
1448470197091348029, -0.95977783, -95.69855, -1.2588501
1448470197111550666, -0.71868896, -95.75958, -1.5594482
1448470197132119514, -0.29907227, -95.93964, -1.6799927
1448470197151772834, -0.29907227, -96.1792, -1.5594482
1448470197171914436, -0.23956299, -96.11969, -1.499939
1448470197191964485, -0.119018555, -96.23871, -1.4389038
1448470197212167121, 0.17852783, -96.4798, -1.4389038
1448470197232461311, 0.29907227, -96.35925, -1.499939
1448470197252480842, 0.23956299, -95.93964, -1.5594482
1448470197272591926, 0.35858154, -96.11969, -1.4389038
1448470197292672492, 0.35858154, -95.999146, -1.3198853
1448470197312905647, 0.6591797, -96.058655, -1.5594482
1448470197333169319, 0.7797241, -95.93964, -1.6799927
1448470197353310920, 0.8392334, -95.75958, -2.0385742
1448470197373208381, 0.8987427, -95.69855, -2.0385742
1448470197393349983, 1.0787964, -95.75958, -2.0385742
1448470197413583137, 1.1993408, -95.93964, -2.218628
1448470197434274055, 1.6189575, -96.058655, -2.218628
1448470197453896858, 1.7990112, -96.29974, -2.519226
1448470197474007942, 2.218628, -96.29974, -2.6992798
1448470197494119026, 2.4597168, -96.4798, -2.6992798
1448470197514291145, 2.6397705, -96.598816, -2.6992798
1448470197534585334, 2.8793335, -96.77887, -2.8198242
1448470197554574348, 2.999878, -96.899414, -2.999878
1448470197574715949, 3.239441, -97.13898, -2.8793335
1448470197594827033, 3.2989502, -97.13898, -3.2989502
1448470197614999153, 3.5385132, -97.07947, -3.1188965
1448470197635232307, 3.3599854, -97.13898, -3.239441
1448470197655282356, 3.6590576, -97.19849, -3.2989502
1448470197675454475, 3.718567, -97.37854, -3.239441
1448470197695443488, 3.8986206, -97.37854, -3.2989502
1448470197715707160, 3.9596558, -97.25952, -3.239441
1448470197736398078, 4.1397095, -97.19849, -3.5995483
1448470197756020881, 4.0786743, -97.31903, -3.3599854
1448470197776162483, 4.258728, -97.37854, -3.718567
1448470197796212531, 4.3792725, -97.37854, -3.779602
1448470197816323615, 4.6188354, -97.499084, -3.8986206
1448470197836617805, 4.8599243, -97.439575, -4.0786743
1448470197856606819, 5.0994873, -97.439575, -4.258728
1448470197876748420, 5.3390503, -97.31903, -4.6188354
1448470197896951057, 5.3985596, -97.499084, -4.499817
1448470197917001106, 5.6396484, -97.55859, -4.8599243
1448470197937264778, 5.6991577, -97.55859, -4.6798706
1448470197957314826, 5.9387207, -97.55859, -4.8599243
1448470197977486946, 5.9387207, -97.499084, -5.1589966
1448470197997506477, 6.1187744, -97.55859, -5.3985596
1448470198017709113, 6.539917, -97.55859, -5.519104
1448470198038400031, 6.7199707, -97.9187, -5.519104
1448470198057992317, 7.258606, -97.79968, -5.9387207
1448470198078225471, 7.559204, -97.55859, -6.059265
1448470198098397590, 7.6797485, -97.67914, -6.478882
1448470198119424201, 8.338928, -97.85919, -6.478882
1448470198139657356, 8.879089, -97.9187, -6.77948
1448470198165017463, 9.239197, -97.9187, -6.8984985
1448470198180032112, 9.298706, -97.79968, -7.1990967
1448470198200082160, 9.359741, -97.79968, -7.4386597
1448470198220193244, 9.47876, -97.85919, -7.3791504
1448470198240304328, 9.719849, -97.85919, -7.3791504
1448470198260445930, 9.959412, -97.67914, -7.4386597
1448470198279580451, 9.658813, -97.61963, -7.798767
1448470198299722053, 9.4192505, -97.55859, -7.9193115
1448470198319863654, 9.298706, -97.439575, -8.21991
1448470198340554572, 9.359741, -97.55859, -8.459473
1448470198360116340, 9.359741, -97.499084, -8.758545
1448470198380257942, 9.298706, -97.55859, -9.298706
1448470198400430061, 9.239197, -97.79968, -9.658813
1448470198420632697, 9.239197, -97.9187, -9.899902
1448470198440926887, 9.118652, -97.85919, -10.018921
1448470198460915901, 9.298706, -97.97974, -10.139465
1448470198481088020, 9.298706, -98.15979, -10.438538
1448470198501229621, 9.359741, -98.5199, -10.559082
1448470198521432258, 9.599304, -98.638916, -10.739136
1448470198541665412, 9.4192505, -98.69995, -10.679626
1448470198561654426, 9.599304, -98.939514, -10.85968
1448470198581734992, 9.658813, -98.939514, -11.219788
1448470198601876594, 9.838867, -99.29962, -11.51886
1448470198622079231, 9.719849, -99.479675, -11.639404
1448470198642739631, 9.719849, -99.77875, -11.579895
1448470198662331916, 9.719849, -99.77875, -11.878967
1448470198682504035, 9.658813, -100.01984, -11.819458
1448470198702645637, 9.899902, -100.079346, -11.819458
1448470198722787238, 9.719849, -100.19989, -11.878967
1448470198743050910, 9.658813, -100.679016, -11.579895
1448470198763070442, 9.599304, -100.61951, -11.819458
1448470198783151008, 9.658813, -100.91858, -12.239075
1448470198803262092, 9.539795, -101.15967, -12.239075
1448470198823373176, 9.539795, -101.33972, -12.11853
1448470198843697883, 9.359741, -101.39923, -12.11853
1448470198863778449, 9.4192505, -101.69983, -12.179565
1448470198883920051, 9.298706, -101.75934, -12.179565
1448470198904061653, 9.4192505, -101.93939, -12.419128
1448470198925179817, 9.298706, -102.23999, -12.11853
1448470198945809699, 8.999634, -102.35901, -11.819458
1448470198965432502, 8.999634, -102.2995, -11.759949
1448470198984536506, 8.879089, -102.2995, -11.759949
1448470199004708625, 8.758545, -102.53906, -11.579895
1448470199024819709, 8.578491, -102.59857, -11.639404
1448470199045113899, 8.699036, -102.65961, -11.51886
1448470199065072395, 8.639526, -102.2995, -11.399841
1448470199085275031, 8.699036, -102.05994, -11.51886
1448470199105416633, 8.879089, -101.81885, -11.459351
1448470199125558235, 8.758545, -101.638794, -11.579895
1448470199145730354, 8.578491, -101.519775, -11.459351
1448470199165841438, 8.578491, -101.15967, -11.51886
1448470199185983039, 8.459473, -100.85907, -11.579895
1448470199206033088, 8.399963, -100.679016, -11.639404
1448470199226327278, 8.399963, -100.61951, -11.579895
1448470199247018196, 8.338928, -100.56, -11.579895
1448470199266610481, 8.338928, -100.31891, -11.51886
1448470199286813117, 8.279419, -100.31891, -11.399841
1448470199307015754, 8.338928, -100.079346, -11.698914
1448470199326943733, 8.279419, -100.079346, -11.698914
1448470199347237922, 8.1588745, -99.89929, -11.399841
1448470199367165901, 7.9193115, -99.598694, -11.399841
1448470199387399055, 7.739258, -99.29962, -11.639404
1448470199407479621, 7.559204, -98.99902, -11.639404
1448470199427743293, 7.4386597, -98.81897, -11.639404
1448470199447976447, 7.499695, -98.39935, -11.759949
1448470199468026496, 7.559204, -97.97974, -11.51886
1448470199488229133, 7.6797485, -97.61963, -11.698914
1448470199508309699, 7.798767, -97.37854, -11.819458
1448470199528451301, 7.798767, -97.25952, -11.878967
1448470199549203254, 7.499695, -97.07947, -11.51886
1448470199568734504, 7.4386597, -96.839905, -11.51886
1448470199588876106, 7.319641, -96.65985, -11.579895
1448470199609017707, 7.0785522, -96.4798, -11.51886
1448470199629159309, 6.8984985, -96.598816, -11.639404
1448470199649422981, 6.539917, -96.53931, -11.639404
1448470199669442512, 6.478882, -96.29974, -11.819458
1448470199689584113, 6.3598633, -96.29974, -11.878967
1448470199709725715, 6.478882, -96.1792, -12.359619
1448470199729928352, 6.478882, -96.11969, -12.419128
1448470199750100471, 6.3598633, -95.8786, -12.539673
1448470199770211555, 6.3598633, -95.93964, -12.599182
1448470199790353156, 5.999756, -95.63904, -12.539673
1448470199810372688, 6.298828, -95.69855, -12.838745
1448470199830575324, 5.999756, -95.51849, -12.89978
1448470199851266242, 6.059265, -95.339966, -12.89978
1448470199870797492, 5.999756, -95.399475, -12.779236
1448470199890878059, 5.8792114, -95.458984, -13.139343
1448470199911050178, 5.819702, -95.63904, -13.319397
1448470199931191779, 5.6991577, -95.51849, -13.319397
1448470199951455451, 6.1798096, -95.69855, -13.619995
1448470199971383430, 5.819702, -95.63904, -13.619995
1448470199991616584, 6.059265, -95.75958, -13.739014
1448470200011727668, 6.059265, -95.999146, -13.739014
1448470200031930305, 5.999756, -95.999146, -13.798523
1448470200052102424, 5.8792114, -95.999146, -13.499451
1448470200072537063, 5.999756, -96.058655, -13.55896
1448470200092678665, 6.298828, -96.53931, -13.55896
1448470200112728714, 6.239319, -96.71936, -13.55896
1448470200132961868, 6.3598633, -96.77887, -13.55896
1448470200153652786, 6.298828, -96.899414, -13.499451
1448470200173245071, 6.478882, -96.899414, -13.55896
1448470200193356155, 6.5994263, -97.01996, -13.619995
1448470200213528274, 6.5994263, -97.37854, -13.859558
1448470200233639358, 6.6589355, -97.61963, -13.739014
1448470200253964065, 6.539917, -97.73865, -13.739014
1448470200273922561, 6.5994263, -97.67914, -13.919067
1448470200294155716, 6.478882, -98.2193, -13.919067
1448470200314327835, 6.539917, -98.5199, -14.039612
1448470200334530472, 6.539917, -98.87848, -13.978577
1448470200354702591, 6.478882, -99.11957, -14.039612
1448470200374752640, 6.5994263, -99.23859, -14.099121
1448470200394955276, 6.7199707, -99.479675, -14.039612
1448470200414944290, 6.7199707, -99.598694, -14.099121
1448470200435085892, 6.7199707, -100.01984, -14.039612
1448470200455776810, 6.8984985, -100.2594, -14.099121
1448470200475399612, 6.7199707, -100.56, -13.978577
1448470200495480179, 6.6589355, -100.679016, -13.978577
1448470200515652298, 6.7199707, -101.15967, -13.978577
1448470200535793899, 6.8984985, -101.519775, -13.919067
1448470200556057571, 6.7199707, -101.93939, -13.859558
1448470200575985550, 6.7199707, -102.178955, -13.978577
1448470200596188186, 6.5994263, -102.65961, -13.798523
1448470200616451858, 6.6589355, -102.89917, -13.798523
1448470200636593460, 6.8984985, -103.13873, -13.798523
1448470200656796097, 6.77948, -103.619385, -13.798523
1448470200676937698, 6.77948, -103.91998, -13.798523
1448470200697018265, 6.6589355, -103.97949, -13.739014
1448470200717068313, 6.4193726, -104.159546, -13.798523
1448470200737301468, 6.3598633, -104.57916, -13.619995
1448470200757992386, 6.298828, -104.87976, -13.499451
1448470200777584671, 6.3598633, -105.29938, -13.319397
1448470200797726272, 6.239319, -105.718994, -13.079834
1448470200817867874, 6.3598633, -106.0791, -13.018799
1448470200838009476, 6.6589355, -106.43921, -12.838745
1448470200858303665, 6.7199707, -106.97937, -12.658691
1448470200878262161, 6.8984985, -107.33948, -12.658691
1448470200898434280, 7.0785522, -107.8186, -12.539673
1448470200918575882, 7.3791504, -108.05969, -12.599182
1448470200938717483, 7.4386597, -108.4198, -12.359619
1448470200958920120, 7.6797485, -108.898926, -12.298584
1448470200978970169, 7.798767, -109.07898, -12.239075
1448470200999203323, 7.6187134, -109.37958, -12.298584
1448470201019192337, 7.9193115, -109.4986, -11.999512
1448470201039486526, 8.039856, -109.799194, -11.819458
1448470201060085892, 8.279419, -110.09979, -11.639404
1448470201080532669, 8.338928, -110.339355, -11.459351
1448470201100826858, 8.459473, -110.398865, -11.338806
1448470201119961380, 8.459473, -110.75897, -11.099243
1448470201140011429, 8.459473, -111.05957, -10.739136
1448470201160305618, 8.518982, -111.239624, -10.379028
1448470201180264114, 8.399963, -111.59973, -10.258484
1448470201200436233, 8.518982, -111.95984, -10.139465
1448470201220638870, 8.518982, -112.25891, -10.079956
1448470201240780472, 8.399963, -112.67853, -9.838867
1448470201260952591, 8.279419, -113.09967, -9.539795
1448470201281063675, 8.279419, -113.21869, -9.539795
1448470201301144241, 8.518982, -113.69934, -9.47876
1448470201321224808, 8.639526, -114.11896, -9.47876
1448470201341457962, 8.699036, -114.71863, -9.4192505
1448470201362118362, 8.879089, -114.95972, -9.359741
1448470201381741165, 8.758545, -115.13977, -9.47876
1448470201401882767, 8.81958, -115.43884, -9.47876
1448470201422115921, 8.938599, -115.73944, -9.719849
1448470201442257522, 8.938599, -115.919495, -9.599304
1448470201462490677, 8.879089, -116.21857, -9.658813
1448470201482571243, 9.059143, -116.39862, -9.539795
1448470201502682327, 8.999634, -116.519165, -9.599304
1448470201522823929, 8.999634, -116.75873, -9.539795
1448470201542965530, 9.059143, -116.99982, -9.47876
1448470201563320755, 9.298706, -117.17987, -9.539795
1448470201583248733, 9.4192505, -117.17987, -9.47876
1448470201603390335, 9.658813, -117.53998, -9.47876
1448470201623501419, 9.779358, -117.59949, -9.539795
1448470201643673538, 9.899902, -117.83905, -9.779358
1448470201664333938, 9.959412, -118.019104, -9.838867
1448470201684042242, 9.779358, -118.3197, -10.139465
1448470201704183844, 10.018921, -118.499756, -10.258484
1448470201724325445, 9.838867, -118.67981, -10.559082
1448470201744467047, 9.899902, -119.03992, -10.798645
1448470201765219000, 9.779358, -119.27948, -11.158752
1448470201790762213, 9.599304, -119.45953, -11.399841
1448470201805837896, 9.359741, -119.3985, -11.579895
1448470201825857428, 9.47876, -119.27948, -11.999512
1448470201845999029, 9.719849, -119.45953, -12.059021
1448470201866018561, 9.658813, -119.63959, -11.999512
1448470201885366705, 9.658813, -119.93866, -11.759949
1448470201905508307, 9.779358, -120.059204, -11.878967
1448470201925741461, 9.899902, -120.23926, -12.059021
1448470201945791510, 9.959412, -120.3598, -12.179565
1448470201966451910, 10.079956, -120.658875, -12.11853
1448470201986105230, 9.959412, -120.95947, -12.179565
1448470202006216314, 10.079956, -121.07849, -12.239075
1448470202026357916, 10.139465, -121.13953, -12.478638
1448470202046591070, 10.258484, -121.07849, -12.779236
1448470202066824225, 10.258484, -121.07849, -13.079834
1448470202086904791, 10.438538, -121.258545, -13.259888
1448470202106985357, 10.499573, -121.199036, -13.319397
1448470202127157477, 10.438538, -121.4386, -13.739014
1448470202147299078, 10.739136, -121.67969, -13.978577
1448470202167928961, 10.559082, -121.7392, -14.399719
1448470202187490728, 10.319519, -121.97876, -14.518738
1448470202207632330, 10.198975, -122.099304, -14.819336
1448470202227804449, 10.198975, -122.27936, -14.93988
1448470202248007086, 9.959412, -122.27936, -15.179443
1448470202268759039, 10.018921, -122.3999, -15.299988
1448470202288290289, 10.198975, -122.45941, -15.539551
1448470202308431891, 10.139465, -122.639465, -15.539551
1448470202328542975, 10.319519, -122.698975, -15.7196045
1448470202348715094, 10.379028, -122.87903, -16.018677
1448470202368978766, 10.499573, -122.99957, -15.9591675
1448470202388998297, 10.438538, -123.11859, -16.19873
1448470202409139898, 10.679626, -123.298645, -16.139221
1448470202429281500, 10.679626, -123.35968, -16.558838
1448470202449423102, 10.438538, -123.35968, -16.499329
1448470202469625738, 10.438538, -123.41919, -16.738892
1448470202489706305, 10.379028, -123.65875, -16.738892
1448470202509817389, 10.379028, -123.65875, -16.97998
1448470202529989508, 10.379028, -123.41919, -17.338562
1448470202550100592, 10.319519, -123.41919, -17.459106
1448470202570791510, 10.258484, -123.239136, -17.939758
1448470202590475348, 10.079956, -123.35968, -17.878723
1448470202610616949, 10.438538, -123.539734, -18.058777
1448470202630758551, 10.258484, -123.4787, -18.058777
1448470202650900152, 10.258484, -123.239136, -18.299866
1448470202671041754, 10.379028, -123.05908, -18.359375
1448470202691000250, 10.258484, -123.35968, -18.47992
1448470202711141852, 10.258484, -123.41919, -18.598938
1448470202731313971, 10.198975, -123.7793, -18.539429
1448470202751486090, 10.198975, -123.7793, -18.838501
1448470202771688727, 9.899902, -123.838806, -18.838501
1448470202791738775, 9.719849, -123.838806, -19.07959
1448470202811880377, 9.4192505, -124.01886, -19.198608
1448470202832052496, 9.298706, -124.19891, -19.198608
1448470202852255133, 9.298706, -124.01886, -19.259644
1448470202872915533, 9.298706, -124.01886, -19.1391
1448470202892538336, 9.239197, -123.838806, -19.198608
1448470202912710455, 9.239197, -124.079895, -19.198608
1448470202933645514, 9.4192505, -123.95935, -19.439697
1448470202953756598, 9.599304, -123.89984, -19.259644
1448470202974111822, 9.838867, -123.7793, -19.378662
1448470202999349859, 10.139465, -123.838806, -19.439697
1448470203014395025, 10.079956, -123.95935, -19.619751
1448470203033499029, 10.018921, -124.19891, -19.73877
1448470203053579596, 10.139465, -124.19891, -19.799805
1448470203073782232, 10.079956, -124.19891, -19.73877
1448470203094229010, 9.779358, -124.25995, -19.73877
1448470203113973883, 9.838867, -124.079895, -20.039368
1448470203134054449, 9.899902, -124.55902, -19.979858
1448470203154287603, 9.599304, -124.49951, -20.159912
1448470203175070074, 9.658813, -124.61853, -20.039368
1448470203194570807, 9.599304, -124.49951, -20.098877
1448470203214712408, 9.4192505, -124.44, -20.219421
1448470203234854010, 9.539795, -124.37897, -20.098877
1448470203254995611, 9.719849, -124.37897, -20.159912
1448470203275289801, 9.539795, -124.55902, -19.979858
1448470203295217779, 9.539795, -124.25995, -20.098877
1448470203315420416, 9.4192505, -124.44, -20.219421
1448470203335562018, 9.47876, -124.19891, -20.399475
1448470203355703619, 9.539795, -124.01886, -20.399475
1448470203375906256, 9.658813, -124.25995, -20.518494
1448470203395986822, 9.539795, -124.31946, -20.698547
1448470203416128424, 9.359741, -124.31946, -20.698547
1448470203436239508, 9.47876, -124.61853, -20.759583
1448470203456472662, 9.47876, -124.61853, -20.579529
1448470203477163580, 9.719849, -124.61853, -20.458984
1448470203496786383, 9.539795, -124.91913, -20.579529
1448470203516897467, 9.4192505, -124.97864, -20.518494
1448470203537039068, 9.359741, -124.91913, -20.399475
1448470203557180670, 9.539795, -124.91913, -20.27893
1448470203577383307, 9.719849, -124.91913, -20.399475
1448470203597341803, 9.719849, -124.91913, -20.399475
1448470203617544439, 9.719849, -125.03967, -20.518494
1448470203637686041, 9.599304, -124.97864, -20.399475
1448470203657827643, 9.719849, -124.91913, -20.339966
1448470203678060797, 9.899902, -125.03967, -20.339966
1448470203698110846, 10.018921, -124.97864, -20.458984
1448470203718252447, 9.899902, -124.97864, -20.639038
1448470203738333014, 9.838867, -125.09918, -20.698547
1448470203758535650, 9.959412, -124.85962, -20.939636
1448470203779196051, 9.899902, -124.739075, -20.759583
1448470203798818853, 10.139465, -124.679565, -20.999146
1448470203819082525, 10.198975, -124.679565, -20.759583
1448470203839163092, 10.198975, -124.61853, -20.878601
1448470203859396246, 10.139465, -124.55902, -20.819092
1448470203879598883, 10.198975, -124.44, -20.518494
1448470203899587896, 10.198975, -124.31946, -20.579529
1448470203919729498, 10.319519, -124.49951, -20.518494
1448470203939932135, 10.198975, -124.31946, -20.579529
1448470203960043219, 10.198975, -124.37897, -20.399475
1448470203980184820, 10.079956, -124.25995, -20.698547
1448470204000234869, 10.139465, -124.25995, -20.759583
1448470204020376471, 10.139465, -124.37897, -20.878601
1448470204040518072, 10.079956, -124.49951, -21.058655
1448470204060659674, 10.079956, -124.44, -20.878601
1448470204081411627, 9.779358, -124.25995, -20.639038
1448470204100973395, 9.779358, -124.44, -20.518494
1448470204121053961, 9.779358, -124.37897, -20.639038
1448470204141226080, 9.959412, -124.37897, -20.579529
1448470204161398199, 9.779358, -124.37897, -20.399475
1448470204181631353, 9.838867, -124.37897, -20.098877
1448470204201620367, 9.899902, -124.19891, -20.039368
1448470204221853521, 9.719849, -124.37897, -20.098877
1448470204242086676, 9.779358, -124.61853, -20.159912
1448470204262167242, 9.838867, -124.679565, -20.219421
1448470204282308844, 9.719849, -124.739075, -19.918823
1448470204302358893, 9.599304, -124.679565, -19.73877
1448470204322469977, 9.599304, -124.739075, -19.619751
1448470204342611578, 9.779358, -124.798584, -19.799805
1448470204362783697, 9.719849, -124.91913, -19.67926
1448470204383474615, 10.079956, -124.91913, -19.619751
1448470204403066900, 9.959412, -124.85962, -19.558716
1448470204423269537, 10.139465, -124.798584, -19.439697
1448470204443441656, 10.258484, -124.97864, -19.619751
1448470204463644293, 10.319519, -125.15869, -19.67926
1448470204483907965, 10.559082, -125.09918, -19.67926
1448470204503927496, 10.379028, -125.03967, -19.619751
1448470204524008062, 10.319519, -124.97864, -19.859314
1448470204544149664, 9.959412, -125.03967, -19.859314
1448470204564291266, 9.959412, -125.21973, -20.039368
1448470204584493902, 9.838867, -125.279236, -20.219421
1448470204604543951, 9.719849, -125.39978, -20.159912
1448470204624685553, 9.719849, -125.21973, -20.458984
1448470204644827154, 9.298706, -125.39978, -20.399475
1448470204664968756, 9.1796875, -125.39978, -20.518494
1448470204685598639, 9.298706, -125.39978, -20.219421
1448470204705190924, 9.599304, -125.21973, -20.339966
1448470204725332525, 9.658813, -125.03967, -20.458984
1448470204745504645, 9.539795, -124.798584, -20.339966
1448470204765646246, 9.539795, -124.679565, -20.518494
1448470204785879400, 9.599304, -124.798584, -20.159912
1448470204805807379, 9.779358, -124.55902, -20.518494
1448470204826101568, 9.838867, -124.61853, -20.399475
1448470204846273687, 9.658813, -124.61853, -20.579529
1448470204866384771, 9.658813, -124.739075, -20.579529
1448470204887063650, 9.658813, -124.739075, -20.579529
1448470204907052664, 9.838867, -124.798584, -20.579529
1448470204927163748, 9.899902, -124.679565, -20.579529
1448470204947274832, 9.779358, -124.679565, -20.698547
1448470204967446951, 9.779358, -124.739075, -20.339966
1448470204988137869, 9.959412, -124.61853, -20.518494
1448470205007730154, 10.079956, -124.37897, -20.399475
1448470205027871756, 9.899902, -124.37897, -20.339966
1448470205048013358, 9.959412, -124.19891, -20.27893
1448470205068063406, 9.779358, -124.079895, -20.339966
1448470205088357596, 9.779358, -123.95935, -20.159912
1448470205108285574, 9.959412, -124.01886, -20.159912
1448470205128488211, 9.959412, -123.95935, -20.458984
1448470205148660330, 9.779358, -123.89984, -20.339966
1448470205168801932, 9.779358, -123.95935, -20.458984
1448470205189065604, 9.899902, -123.95935, -20.27893
1448470205209054617, 9.959412, -124.01886, -20.399475
1448470205229226736, 9.899902, -124.139404, -20.399475
1448470205249337820, 9.838867, -124.079895, -20.458984
1448470205269479422, 9.779358, -124.139404, -20.458984
1448470205290200858, 9.899902, -124.079895, -20.339966
1448470205309823660, 9.959412, -124.079895, -20.27893
1448470205329965262, 9.838867, -124.31946, -20.339966
1448470205350106863, 9.838867, -124.25995, -20.698547
1448470205370217947, 9.779358, -124.31946, -20.518494
1448470205390481619, 9.719849, -124.25995, -20.579529
1448470205410409598, 9.599304, -124.49951, -20.518494
1448470205430734305, 9.599304, -124.44, -20.458984
1448470205450875906, 9.539795, -124.44, -20.518494
1448470205471017508, 9.658813, -124.61853, -20.579529
1448470205491220145, 9.599304, -124.739075, -20.639038
1448470205511361746, 9.658813, -124.61853, -20.339966
1448470205531442313, 9.779358, -124.44, -20.518494
1448470205551522879, 9.959412, -124.49951, -20.339966
1448470205571786551, 10.319519, -124.679565, -20.339966
1448470205592477469, 10.139465, -124.679565, -20.399475
1448470205612008719, 10.139465, -124.97864, -20.27893
1448470205632150320, 10.198975, -125.09918, -20.27893
1448470205652261404, 10.258484, -124.85962, -20.098877
1448470205672403006, 10.139465, -125.03967, -20.219421
1448470205692697195, 9.719849, -125.338745, -19.859314
1448470205712686209, 9.658813, -125.5188, -19.918823
1448470205732827811, 9.47876, -125.21973, -19.73877
1448470205752999930, 9.539795, -125.21973, -19.799805
1448470205773111014, 9.47876, -125.03967, -19.918823
1448470205793344168, 9.47876, -124.85962, -19.619751
1448470205813394217, 9.4192505, -124.91913, -19.499207
1448470205833566336, 9.47876, -124.91913, -19.378662
1448470205853616385, 9.959412, -124.85962, -19.558716
1448470205873819022, 9.959412, -124.798584, -19.619751
1448470205894509940, 10.079956, -124.97864, -19.799805
1448470205914193777, 10.018921, -125.03967, -19.619751
1448470205934243826, 9.959412, -125.09918, -19.619751
1448470205954385428, 9.779358, -125.15869, -19.73877
1448470205974527029, 9.838867, -125.21973, -20.098877
1448470205994821219, 9.899902, -125.21973, -20.27893
1448470206014871268, 9.539795, -125.09918, -20.27893
1448470206034890799, 9.539795, -125.03967, -20.159912
1448470206055032400, 9.359741, -125.09918, -20.098877
1448470206075174002, 9.658813, -125.03967, -20.27893
1448470206095407156, 9.719849, -124.91913, -20.27893
1448470206115457205, 9.658813, -124.798584, -20.159912
1448470206135598807, 9.599304, -124.85962, -20.219421
1448470206155679373, 9.599304, -124.91913, -20.039368
1448470206175882010, 9.838867, -124.91913, -20.098877
1448470206196542410, 10.018921, -124.85962, -20.159912
1448470206216165213, 10.139465, -124.798584, -20.159912
1448470206236306815, 9.838867, -124.739075, -20.039368
1448470206256417899, 9.899902, -124.798584, -20.098877
1448470206276590018, 10.198975, -124.739075, -20.27893
1448470206296884207, 10.198975, -124.55902, -20.159912
1448470206316812186, 10.079956, -124.44, -20.098877
1448470206337014822, 9.838867, -124.55902, -19.979858
1448470206357156424, 9.658813, -124.44, -20.039368
1448470206377298025, 9.599304, -124.37897, -19.979858
1448470206397500662, 9.838867, -124.49951, -20.219421
1448470206417672781, 9.838867, -124.61853, -20.339966
1448470206437814383, 9.719849, -124.61853, -20.27893
1448470206457864432, 9.779358, -124.37897, -20.339966
1448470206478152709, 9.658813, -124.44, -20.458984
1448470206498843627, 9.719849, -124.49951, -20.518494
1448470206518435913, 9.779358, -124.55902, -20.579529
1448470206538577514, 9.899902, -124.31946, -20.878601
1448470206558780151, 9.599304, -124.25995, -20.639038
1448470206578799682, 9.359741, -124.139404, -20.399475
1448470206599093872, 9.359741, -124.25995, -20.399475
1448470206619021850, 9.4192505, -124.37897, -20.219421
1448470206639224487, 9.658813, -124.37897, -20.27893
1448470206659366088, 9.779358, -124.44, -19.979858
1448470206679629760, 9.899902, -124.49951, -20.159912
1448470206699801879, 9.899902, -124.85962, -19.918823
1448470206719882446, 10.258484, -124.97864, -20.039368
1448470206739993530, 10.379028, -124.97864, -20.219421
1448470206760104614, 10.438538, -124.85962, -20.399475
1448470206780307250, 10.499573, -125.09918, -20.579529
1448470206800967651, 10.258484, -125.03967, -20.639038
1448470206820620971, 10.139465, -124.798584, -20.819092
1448470206840732055, 9.959412, -124.679565, -20.518494
1448470206860873657, 9.838867, -124.44, -20.579529
1448470206880923706, 9.599304, -124.37897, -20.579529
1448470206901187377, 9.719849, -124.37897, -20.759583
1448470206921145874, 9.719849, -124.37897, -20.458984
1448470206941348510, 9.599304, -124.079895, -20.399475
1448470206961490112, 9.779358, -124.19891, -20.27893
1448470206981631713, 9.959412, -124.49951, -20.458984
1448470207001834350, 10.018921, -124.44, -20.579529
1448470207021914916, 10.258484, -124.61853, -20.518494
1448470207042117553, 10.258484, -124.44, -20.458984
1448470207062228637, 10.139465, -124.61853, -20.159912
1448470207082492309, 10.198975, -124.85962, -20.399475
1448470207103152709, 10.018921, -125.03967, -20.399475
1448470207122714477, 9.899902, -124.91913, -20.458984
1448470207142825561, 9.658813, -124.739075, -20.159912
1448470207162997680, 9.779358, -124.798584, -20.27893
1448470207183108764, 9.719849, -124.91913, -20.27893
1448470207203402954, 9.658813, -125.21973, -20.219421
1448470207223391967, 9.599304, -125.09918, -20.219421
1448470207243594604, 9.539795, -125.09918, -19.979858
1448470207263736206, 9.719849, -125.03967, -20.098877
1448470207283908325, 9.658813, -125.21973, -20.098877
1448470207304049926, 10.018921, -125.09918, -20.399475
1448470207324099975, 10.018921, -125.09918, -20.219421
1448470207344241577, 10.018921, -125.09918, -20.399475
1448470207364322143, 9.838867, -125.09918, -20.518494
1448470207385440307, 10.018921, -124.97864, -20.518494
1448470207406070190, 10.018921, -124.739075, -20.759583
1448470207424807983, 9.959412, -124.739075, -20.518494
1448470207444888549, 10.198975, -124.49951, -20.458984
1448470207465030151, 10.018921, -124.739075, -20.339966
1448470207485171752, 9.959412, -124.61853, -20.27893
1448470207505465942, 9.779358, -124.798584, -20.039368
1448470207525393920, 10.018921, -124.739075, -19.859314
1448470207545596557, 9.899902, -124.97864, -19.979858
1448470207565738159, 9.899902, -125.09918, -19.918823
1448470207585879760, 9.779358, -125.09918, -20.159912
1448470207606112915, 9.779358, -125.21973, -20.27893
1448470207626254516, 9.838867, -125.15869, -20.399475
1448470207646365600, 9.779358, -125.338745, -20.339966
1448470207666415649, 10.018921, -125.15869, -20.458984
1448470207686648803, 10.018921, -125.21973, -20.518494
1448470207707339721, 9.959412, -124.97864, -20.639038
1448470207726932006, 10.079956, -125.09918, -20.518494
1448470207747104125, 10.258484, -124.91913, -20.518494
1448470207767215209, 10.319519, -124.85962, -20.399475
1448470207787387329, 10.198975, -124.91913, -20.339966
1448470207807651000, 10.139465, -124.85962, -20.458984
1448470207827640014, 10.079956, -124.739075, -20.219421
1448470207847873168, 10.139465, -124.61853, -20.339966
1448470207867953735, 10.379028, -124.739075, -20.159912
1448470207888034301, 10.198975, -124.55902, -20.159912
1448470207908359008, 10.198975, -124.679565, -20.098877
1448470207928378540, 10.018921, -124.49951, -19.918823
1448470207948520141, 10.198975, -124.37897, -19.979858
1448470207968600708, 10.258484, -124.31946, -19.859314
1448470207988803344, 10.018921, -124.31946, -20.219421
1448470208009494262, 9.899902, -124.44, -20.098877
1448470208029086547, 9.838867, -124.37897, -20.27893
