1448470520333362869, 45.059204, -105.23987, 1.0192871
1448470520353412917, 45.118713, -105.23987, 1.0787964
1448470520373524001, 45.298767, -105.23987, 0.8987427
1448470520393604568, 44.999695, -105.23987, 1.0192871
1448470520413776687, 44.87915, -105.41992, 1.0192871
1448470520434406570, 44.758606, -105.599976, 1.0787964
1448470520454059890, 44.93866, -105.599976, 1.0787964
1448470520474201492, 44.93866, -105.47943, 1.1993408
1448470520494343093, 44.87915, -105.47943, 1.3198853
1448470520514484695, 44.87915, -105.35889, 1.1398315
1448470520534778884, 44.758606, -105.35889, 1.3198853
1448470520554706863, 44.519043, -105.29938, 1.3793945
1448470520574909499, 44.639587, -105.23987, 1.6799927
1448470520595051101, 44.81964, -105.17883, 1.5594482
1448470520615192702, 44.639587, -105.11932, 1.6189575
1448470520635425857, 44.519043, -105.23987, 1.5594482
1448470520655475906, 44.459534, -105.11932, 1.6189575
1448470520675617507, 44.459534, -105.059814, 1.3793945
1448470520695728591, 44.519043, -105.11932, 1.1398315
1448470520715931228, 44.758606, -105.11932, 1.1993408
1448470520736561111, 44.699097, -105.29938, 0.7797241
1448470520756183913, 44.639587, -105.41992, 1.0787964
1448470520776417068, 44.519043, -105.41992, 1.0787964
1448470520796540394, 44.578552, -105.47943, 1.0192871
1448470520816651478, 44.519043, -105.41992, 1.0787964
1448470520836976185, 44.639587, -105.41992, 1.3793945
1448470520856904163, 44.519043, -105.11932, 1.6189575
1448470520877137317, 44.519043, -104.99878, 1.739502
1448470520897278919, 44.699097, -104.87976, 1.979065
1448470520917481556, 44.699097, -104.45862, 1.739502
1448470520937775745, 44.999695, -104.51965, 1.739502
1448470520957734241, 44.87915, -104.3396, 1.7990112
1448470520977784290, 44.87915, -104.57916, 1.7990112
1448470520997956409, 44.87915, -104.69971, 1.6799927
1448470521018098011, 44.81964, -104.87976, 1.6189575
1448470521038788929, 44.87915, -105.11932, 1.6189575
1448470521058411731, 44.639587, -104.99878, 1.4389038
1448470521078553333, 44.459534, -105.17883, 1.499939
1448470521098633899, 44.578552, -105.17883, 1.6189575
1448470521118836536, 44.519043, -105.35889, 1.8585205
1448470521139100208, 44.578552, -105.17883, 1.739502
1448470521159058704, 44.27948, -105.17883, 1.9195557
1448470521179200306, 44.21997, -105.11932, 1.8585205
1448470521199372425, 44.21997, -104.87976, 1.7990112
1448470521219514026, 44.158936, -104.818726, 2.0996094
1448470521239869251, 44.099426, -104.87976, 2.218628
1448470521259949817, 43.79883, -105.059814, 2.218628
1448470521280030384, 43.73932, -104.87976, 1.8585205
1448470521300171985, 43.73932, -105.059814, 2.0385742
1448470521320374622, 44.099426, -105.11932, 1.979065
1448470521341065540, 44.158936, -105.23987, 2.1591187
1448470521360596790, 43.97888, -105.53894, 2.3391724
1448470521380646839, 44.158936, -105.718994, 2.0996094
1448470521400818958, 44.33899, -105.718994, 1.9195557
1448470521421021595, 44.33899, -105.53894, 1.7990112
1448470521441285267, 44.578552, -105.718994, 2.218628
1448470521461304798, 44.699097, -105.53894, 2.1591187
1448470521481446399, 44.459534, -105.599976, 2.0385742
1448470521501588001, 44.3985, -105.41992, 1.8585205
1448470521521729603, 44.639587, -105.35889, 1.6799927
1448470521541932239, 44.699097, -105.41992, 1.6799927
1448470521562073841, 44.639587, -105.47943, 1.6799927
1448470521582154407, 44.639587, -105.599976, 1.8585205
1448470521602234974, 44.639587, -105.53894, 1.5594482
1448470521622407093, 44.459534, -105.35889, 1.4389038
1448470521643128528, 44.519043, -105.29938, 1.3793945
1448470521662720813, 44.639587, -105.599976, 1.4389038
1448470521682862415, 44.639587, -105.53894, 1.3793945
1448470521703004017, 44.519043, -105.47943, 1.3793945
1448470521723115101, 44.519043, -105.53894, 1.1993408
1448470521743409290, 44.699097, -105.53894, 1.2588501
1448470521763428821, 44.639587, -105.599976, 1.2588501
1448470521783539905, 44.758606, -105.718994, 1.1398315
1448470521803712024, 44.758606, -105.718994, 1.1398315
1448470521823823108, 44.758606, -105.659485, 1.0787964
1448470521844086780, 44.758606, -105.659485, 1.1398315
1448470521864136829, 44.87915, -105.53894, 1.0192871
1448470521884247913, 44.87915, -105.47943, 1.0787964
1448470521904358997, 44.758606, -105.17883, 0.8392334
1448470521924561634, 44.639587, -104.99878, 0.8392334
1448470521945222034, 44.578552, -105.11932, 1.1398315
1448470521964844837, 44.758606, -104.87976, 0.8987427
1448470521984986438, 44.93866, -104.63867, 0.95977783
1448470522005158558, 44.87915, -104.69971, 0.71868896
1448470522025269642, 44.87915, -104.75922, 0.7797241
1448470522045533313, 44.87915, -104.57916, 0.71868896
1448470522065522327, 44.999695, -104.63867, 0.71868896
1448470522085602894, 44.93866, -104.63867, 0.6591797
1448470522105744495, 44.87915, -104.63867, 0.47912598
1448470522125855579, 44.459534, -104.87976, 0.53863525
1448470522146119251, 44.33899, -104.818726, 0.47912598
1448470522166169300, 44.33899, -104.63867, 0.71868896
1448470522186341419, 44.33899, -104.63867, 0.5996704
1448470522206483021, 44.459534, -104.69971, 0.7797241
1448470522226685657, 44.33899, -104.87976, 0.6591797
1448470522247376575, 44.3985, -104.93927, 0.7797241
1448470522266968860, 44.459534, -104.93927, 0.8987427
1448470522287079944, 44.578552, -104.87976, 0.95977783
1448470522307252063, 44.519043, -104.818726, 1.0192871
1448470522327271595, 44.578552, -104.93927, 0.95977783
1448470522347596302, 44.699097, -104.818726, 1.1993408
1448470522367524280, 44.639587, -104.75922, 1.1398315
1448470522387726917, 44.639587, -104.57916, 1.3793945
1448470522407984769, 44.758606, -104.57916, 1.5594482
1448470522428156888, 44.758606, -104.69971, 1.5594482
1448470522448390042, 44.81964, -104.45862, 1.499939
1448470522468531644, 45.059204, -104.818726, 1.4389038
1448470522488673246, 44.87915, -104.75922, 1.739502
1448470522508753812, 44.758606, -104.87976, 1.739502
1448470522528925931, 44.639587, -104.99878, 1.9195557
1448470522549616849, 44.758606, -105.059814, 1.7990112
1448470522569300687, 44.81964, -105.11932, 1.6799927
1448470522589381253, 44.519043, -104.818726, 1.9195557
1448470522609522855, 44.519043, -105.059814, 2.279663
1448470522629664456, 44.21997, -104.818726, 2.4597168
1448470522650813138, 44.33899, -104.818726, 2.3391724
1448470522675990140, 44.459534, -104.818726, 2.4597168
1448470522689967191, 44.578552, -104.87976, 2.3986816
1448470522710139310, 44.33899, -104.818726, 2.519226
1448470522730280912, 44.27948, -104.87976, 2.4597168
1448470522750483548, 44.519043, -105.17883, 2.519226
1448470522770533597, 44.459534, -105.17883, 2.3986816
1448470522790736234, 44.3985, -105.23987, 2.3391724
1448470522810755765, 44.459534, -105.23987, 2.3391724
1448470522830958402, 44.3985, -105.23987, 2.3986816
1448470522851618802, 44.3985, -105.29938, 2.3391724
1448470522871302640, 44.459534, -105.53894, 2.279663
1448470522891383206, 44.519043, -105.47943, 2.3986816
1448470522911555326, 44.578552, -105.23987, 2.218628
1448470522931696927, 44.639587, -105.29938, 2.279663
1448470522951991117, 44.758606, -105.35889, 2.3391724
1448470522971888578, 44.578552, -105.41992, 2.519226
1448470522992091214, 44.578552, -105.41992, 2.279663
1448470523012354886, 44.459534, -105.23987, 2.218628
1448470523032404935, 44.33899, -105.17883, 2.279663
1448470523052638089, 44.3985, -105.23987, 2.3391724
1448470523072718656, 44.27948, -105.29938, 2.279663
1448470523092890775, 44.519043, -105.29938, 2.0996094
1448470523112910306, 44.578552, -105.059814, 1.8585205
1448470523133112943, 44.699097, -104.87976, 1.9195557
1448470523153773343, 44.81964, -104.87976, 2.0385742
1448470523173396146, 44.87915, -105.11932, 2.0996094
1448470523193641750, 45.059204, -105.059814, 1.7990112
1448470523213813870, 45.059204, -104.87976, 1.6799927
1448470523234077542, 45.17975, -104.69971, 1.5594482
1448470523254341213, 44.999695, -104.57916, 1.499939
1448470523274269192, 45.118713, -104.87976, 1.499939
1448470523294441311, 45.118713, -104.93927, 1.4389038
1448470523314552395, 45.059204, -104.93927, 1.3198853
1448470523334693997, 44.999695, -104.93927, 1.1993408
1448470523354927151, 44.87915, -104.99878, 1.6189575
1448470523375007717, 44.87915, -105.059814, 1.3793945
1448470523395118801, 44.81964, -105.29938, 1.499939
1448470523415199368, 44.81964, -105.17883, 1.4389038
1448470523435340969, 44.87915, -105.11932, 1.4389038
1448470523456001370, 44.87915, -105.41992, 1.3198853
1448470523475624172, 44.999695, -105.35889, 1.6189575
1448470523495765774, 44.999695, -105.35889, 1.6189575
1448470523515907375, 44.999695, -105.11932, 1.3793945
1448470523536048977, 44.999695, -105.11932, 1.4389038
1448470523556343167, 45.298767, -105.17883, 1.5594482
1448470523576271145, 45.47882, -105.23987, 1.6799927
1448470523596480112, 45.41931, -104.93927, 1.5594482
1448470523616621713, 45.47882, -104.63867, 1.499939
1448470523636763315, 45.47882, -104.69971, 1.3198853
1448470523656965952, 45.41931, -104.45862, 1.4389038
1448470523677046518, 45.41931, -104.57916, 1.499939
1448470523697249155, 45.47882, -104.63867, 1.499939
1448470523717238168, 45.239258, -104.39911, 1.4389038
1448470523737532358, 45.17975, -104.39911, 1.3793945
1448470523758131723, 45.118713, -104.45862, 1.5594482
1448470523777754526, 45.239258, -104.51965, 1.6189575
1448470523797896127, 45.298767, -104.3396, 1.739502
1448470523818037729, 45.41931, -104.51965, 1.6799927
1448470523838179330, 45.47882, -104.69971, 1.499939
1448470523858473520, 45.47882, -104.39911, 1.4389038
1448470523878401498, 45.47882, -104.57916, 1.4389038
1448470523898695688, 45.239258, -104.57916, 1.499939
1448470523918898325, 45.239258, -104.75922, 1.3793945
1448470523939772348, 44.999695, -104.818726, 1.3198853
1448470523959974985, 44.999695, -104.87976, 1.1398315
1448470523980086069, 44.87915, -105.059814, 1.3198853
1448470524000258188, 45.059204, -104.818726, 1.3793945
1448470524026045541, 45.17975, -104.818726, 1.6189575
1448470524041060190, 45.298767, -104.75922, 1.6799927
1448470524061293344, 45.47882, -104.87976, 1.739502
1448470524080794077, 45.47882, -104.75922, 1.739502
1448470524100966196, 45.658875, -104.63867, 1.8585205
1448470524121046762, 45.41931, -104.818726, 2.0385742
1448470524141188364, 45.359802, -104.75922, 1.9195557
1448470524161513071, 45.17975, -104.93927, 2.1591187
1448470524186720590, 45.059204, -105.059814, 1.979065
1448470524201826791, 44.999695, -105.35889, 1.9195557
1448470524221724252, 45.118713, -105.29938, 1.979065
1448470524241896372, 45.17975, -105.29938, 2.1591187
1448470524262129526, 45.239258, -105.29938, 2.279663
1448470524282271127, 45.298767, -105.059814, 2.1591187
1448470524302321176, 45.71991, -105.11932, 2.218628
1448470524322554330, 45.658875, -105.17883, 1.979065
1448470524341719370, 45.658875, -105.23987, 2.279663
1448470524362379770, 45.658875, -105.11932, 2.218628
1448470524381972055, 45.539856, -105.17883, 2.218628
1448470524402186916, 45.41931, -105.23987, 2.218628
1448470524422420070, 45.539856, -105.41992, 2.0996094
1448470524442592189, 45.539856, -105.659485, 2.3986816
1448470524462825343, 45.41931, -105.7785, 2.279663
1448470524482875392, 45.47882, -105.599976, 2.5787354
1448470524503016994, 45.359802, -105.659485, 2.1591187
1448470524523158595, 45.17975, -105.41992, 2.218628
1448470524543300197, 45.359802, -105.41992, 2.218628
1448470524563472316, 45.47882, -105.41992, 2.0996094
1448470524583613918, 45.298767, -105.11932, 2.0996094
1448470524603725002, 45.41931, -104.99878, 1.739502
1448470524623836086, 45.298767, -104.69971, 1.979065
1448470524644008205, 45.359802, -104.75922, 1.9195557
1448470524664668605, 45.47882, -104.57916, 2.279663
1448470524684291408, 45.77942, -104.75922, 2.279663
1448470524704433009, 45.599365, -104.57916, 2.1591187
1448470524724574611, 45.539856, -104.45862, 2.1591187
1448470524744716213, 45.658875, -104.3396, 2.279663
1448470524765559718, 45.658875, -104.09851, 2.3391724
1448470524790828273, 45.41931, -104.039, 2.0996094
1448470524806026027, 45.539856, -104.09851, 2.0996094
1448470524826167629, 45.539856, -104.09851, 1.979065
1448470524846309230, 45.47882, -103.79944, 1.9195557
1448470524866450832, 45.539856, -103.73993, 1.7990112
1448470524886622951, 45.47882, -103.73993, 1.9195557
1448470524906734035, 45.47882, -103.79944, 1.6189575
1448470524932612941, 45.359802, -103.97949, 1.6799927
1448470524951961086, 45.899963, -103.97949, 1.6189575
1448470524967708156, 45.899963, -103.97949, 1.3793945
1448470524987330959, 46.018982, -103.97949, 1.3793945
1448470525007350490, 46.139526, -104.219055, 1.3793945
1448470525026607082, 46.199036, -104.219055, 1.6799927
1448470525046718166, 46.258545, -104.278564, 1.499939
1448470525067012355, 46.37909, -104.159546, 1.739502
1448470525086970851, 46.37909, -103.97949, 1.739502
1448470525107142970, 46.139526, -104.039, 1.9195557
1448470525127284572, 46.199036, -103.97949, 2.0996094
1448470525147426173, 46.139526, -104.039, 2.0385742
1448470525167689845, 45.959473, -103.91998, 1.7990112
1448470525187770412, 45.77942, -103.97949, 1.6799927
1448470525207912013, 45.83893, -103.97949, 1.8585205
1448470525228023097, 45.83893, -104.159546, 1.739502
1448470525248164699, 45.959473, -104.09851, 1.739502
1448470525268886134, 46.199036, -103.97949, 1.6189575
1448470525288539455, 46.139526, -103.97949, 1.5594482
1448470525308742091, 46.139526, -103.85895, 1.8585205
1448470525328822658, 46.4386, -104.039, 2.0996094
1448470525349757716, 46.618652, -103.97949, 2.279663
1448470525370112941, 46.739197, -104.039, 2.0996094
1448470525395381496, 46.618652, -104.09851, 2.3986816
1448470525410487697, 46.559143, -104.278564, 2.3391724
1448470525430354640, 46.31958, -104.51965, 2.3391724
1448470525450526759, 46.4386, -104.57916, 2.3391724
1448470525470729396, 46.618652, -104.63867, 2.3391724
1448470525490809963, 46.31958, -104.87976, 2.279663
1448470525510921047, 46.4386, -104.99878, 2.0385742
1448470525530086086, 46.139526, -104.93927, 2.1591187
1448470525550380275, 46.07849, -104.87976, 1.7990112
1448470525570949123, 46.258545, -105.059814, 1.7990112
1448470525590541408, 46.018982, -104.93927, 1.7990112
1448470525610744045, 45.899963, -105.11932, 1.8585205
1448470525630855129, 45.959473, -105.29938, 1.5594482
1448470525650996730, 46.139526, -105.11932, 1.4389038
1448470525671260402, 46.139526, -105.11932, 1.3793945
1448470525691218898, 46.199036, -105.17883, 1.1398315
1448470525711391017, 46.31958, -105.23987, 1.1993408
1448470525731715724, 46.258545, -105.17883, 0.7797241
1448470525751796291, 46.679688, -105.29938, 0.8987427
1448470525771998927, 46.85974, -105.11932, 0.6591797
1448470525792079494, 46.85974, -104.93927, 0.4196167
1448470525812282131, 46.97876, -104.99878, 0.059509277
1448470525832301662, 46.97876, -105.17883, -0.17852783
1448470525852504298, 47.45941, -105.29938, -0.4196167
1448470525873164699, 47.81952, -105.35889, -0.5996704
1448470525892848537, 47.87903, -105.17883, -0.5996704
1448470525912929103, 48.11859, -105.059814, -1.1398315
1448470525933070705, 48.298645, -105.23987, -1.3793945
1448470525953212306, 48.41919, -105.11932, -1.5594482
1448470525973475978, 48.4787, -104.99878, -1.5594482
1448470525993495509, 48.719788, -104.69971, -1.9195557
1448470526013753229, 48.599243, -104.45862, -2.0385742
1448470526033925349, 48.298645, -104.278564, -2.3391724
1448470526054066950, 48.599243, -104.278564, -2.5787354
1448470526074666315, 48.4787, -104.159546, -2.8198242
1448470526095143610, 48.539734, -103.97949, -3.0593872
1448470526115285212, 48.779297, -103.97949, -3.4194946
1448470526141164118, 49.079895, -103.85895, -3.779602
1448470526156209284, 49.139404, -103.85895, -3.9596558
1448470526176381403, 49.438477, -103.79944, -4.499817
1448470526195973688, 49.61853, -103.79944, -4.978943
1448470526215993220, 49.61853, -103.73993, -5.3390503
1448470526236165339, 49.91913, -103.678894, -5.819702
1448470526256276423, 50.039673, -103.37982, -6.1187744
1448470526275716120, 50.099182, -103.25928, -6.3598633
1448470526295644099, 50.039673, -102.95868, -6.6589355
1448470526315846735, 50.099182, -102.71912, -6.8389893
1448470526335957819, 50.219727, -102.47955, -6.9595337
1448470526356068903, 50.219727, -102.05994, -7.019043
1448470526376332575, 50.338745, -101.638794, -7.1990967
1448470526396382624, 50.39978, -101.21918, -7.019043
1448470526416554743, 50.39978, -100.979614, -7.319641
1448470526436696345, 50.39978, -100.56, -7.3791504
1448470526456868464, 50.5188, -100.43945, -7.4386597
1448470526477559382, 50.639343, -100.01984, -7.559204
1448470526497182184, 50.639343, -99.598694, -7.6797485
1448470526517323786, 50.819397, -99.17908, -7.9193115
1448470526537526423, 50.93994, -99.05853, -7.798767
1448470526557606989, 51.05896, -98.638916, -8.039856
1448470526578725153, 51.119995, -98.039246, -7.8598022
1448470526603963190, 51.05896, -97.499084, -7.978821
1448470526618947321, 51.239014, -96.65985, -8.039856
1448470526639027888, 51.298523, -96.41876, -7.978821
1448470526659108454, 51.53961, -96.11969, -8.039856
1448470526678365046, 51.59912, -95.63904, -7.8598022
1448470526698506647, 51.53961, -94.97986, -7.978821
1448470526718648249, 51.478577, -94.49921, -7.8598022
1448470526738789850, 51.59912, -94.25964, -8.039856
1448470526758931452, 51.89972, -94.018555, -8.1588745
1448470526779622370, 51.838684, -93.899536, -8.21991
1448470526799318472, 52.018738, -93.23883, -8.21991
1448470526819429556, 52.018738, -92.87872, -8.039856
1448470526839540640, 52.19879, -92.518616, -8.099365
1448470526859682241, 52.19879, -92.21954, -7.798767
1448470526879976431, 52.378845, -91.859436, -7.739258
1448470526899904409, 52.43988, -91.61987, -7.3791504
1448470526920107046, 52.19879, -91.259766, -7.0785522
1448470526940248648, 52.139282, -90.95917, -6.7199707
1448470526960390249, 51.95923, -90.83862, -6.6589355
1448470526980623403, 51.65863, -90.41901, -6.5994263
1448470527000673452, 51.419067, -90.17944, -6.1798096
1448470527020906607, 51.419067, -90.119934, -6.1798096
1448470527041048208, 51.239014, -89.93988, -5.9387207
1448470527061189810, 50.93994, -89.51874, -6.059265
1448470527081850210, 51.05896, -89.51874, -5.819702
1448470527101473013, 51.179504, -89.338684, -5.8792114
1448470527121645132, 51.179504, -88.91907, -5.758667
1448470527141786733, 51.298523, -88.79852, -5.5786133
1448470527161928335, 51.419067, -88.55896, -5.6991577
1448470527182192007, 51.298523, -88.13934, -5.758667
1448470527202211538, 51.179504, -88.25989, -5.819702
1448470527222322622, 51.179504, -88.19885, -5.5786133
1448470527242464224, 50.878906, -88.079834, -5.6396484
1448470527262605825, 50.39978, -87.838745, -5.6991577
1448470527282808462, 50.279236, -87.89978, -5.5786133
1448470527302889028, 49.91913, -87.838745, -5.519104
1448470527322878042, 49.679565, -87.53967, -5.3985596
1448470527343050161, 49.85962, -87.53967, -5.4595947
1448470527363252798, 49.798584, -87.239075, -5.519104
1448470527383913198, 49.739075, -87.298584, -5.4595947
1448470527403536001, 49.679565, -86.99951, -5.6991577
1448470527423677603, 49.679565, -86.87897, -5.5786133
1448470527443819204, 49.49951, -86.75995, -5.8792114
1448470527463960806, 49.378967, -86.75995, -6.239319
1448470527484254995, 49.139404, -87.239075, -6.4193726
1448470527504182974, 48.658752, -87.239075, -6.298828
1448470527524355093, 48.4787, -87.35962, -6.4193726
1448470527544527212, 48.239136, -87.41913, -6.6589355
1448470527564668814, 48.11859, -87.71973, -6.6589355
1448470527584932485, 47.999573, -87.779236, -6.7199707
1448470527604952017, 47.639465, -87.95929, -6.7199707
1448470527625093618, 47.579956, -88.25989, -6.539917
1448470527645174185, 47.279358, -88.13934, -6.7199707
1448470527665376821, 47.099304, -88.13934, -6.8984985
1448470527686098257, 46.85974, -88.37891, -6.9595337
1448470527705660024, 46.618652, -88.43994, -6.9595337
1448470527725862661, 46.4386, -88.43994, -6.9595337
1448470527745943228, 46.139526, -88.79852, -7.019043
1448470527766084829, 46.07849, -88.85956, -7.0785522
1448470527786379019, 45.77942, -88.85956, -6.9595337
1448470527806337515, 45.83893, -88.97858, -6.8984985
1448470527826570669, 45.83893, -89.39972, -7.019043
1448470527846712271, 45.599365, -89.45923, -7.019043
1448470527866792837, 45.47882, -89.39972, -7.0785522
1448470527887025991, 45.298767, -89.63928, -6.9595337
1448470527907076040, 45.17975, -89.63928, -6.8984985
1448470527927217642, 44.999695, -89.75983, -6.6589355
1448470527947298208, 44.93866, -89.819336, -6.77948
1448470527967500845, 44.699097, -89.93988, -6.7199707
1448470527988191763, 44.459534, -89.878845, -6.539917
1448470528007784048, 44.3985, -89.878845, -6.4193726
1448470528028017202, 44.21997, -90.0589, -6.3598633
1448470528048158804, 43.97888, -90.119934, -6.6589355
1448470528068300405, 44.158936, -90.3595, -6.7199707
1448470528088594595, 43.859863, -90.65857, -6.9595337
1448470528108583608, 43.67981, -90.89966, -7.019043
1448470528128725210, 43.73932, -90.95917, -6.9595337
1448470528148866812, 43.73932, -90.95917, -6.8984985
1448470528169008413, 43.67981, -91.07971, -6.9595337
1448470528189241567, 43.79883, -91.319275, -7.019043
1448470528209261099, 43.73932, -91.259766, -6.4193726
1448470528229433218, 43.43872, -91.19873, -6.3598633
1448470528249513784, 43.43872, -90.95917, -6.4193726
1448470528269685903, 43.258667, -90.95917, -6.239319
1448470528290437857, 43.019104, -90.77911, -6.239319
1448470528310060659, 42.89856, -90.83862, -6.059265
1448470528330141226, 42.539978, -90.83862, -5.999756
1448470528350343862, 42.29889, -90.89966, -5.6991577
1448470528370393911, 41.879272, -90.65857, -5.9387207
1448470528390688101, 41.819763, -90.53955, -5.6991577
1448470528410854279, 41.819763, -90.59906, -5.4595947
1448470528430995880, 41.69922, -90.41901, -5.3390503
1448470528451137482, 41.33911, -90.41901, -5.3390503
1448470528471279084, 41.279602, -90.29999, -5.519104
1448470528491481720, 41.218567, -90.29999, -5.3390503
1448470528511562287, 40.979004, -90.119934, -5.519104
1448470528531703888, 40.919495, -90.23895, -5.3390503
1448470528551845490, 40.73944, -90.23895, -5.6396484
1448470528571987091, 40.559387, -90.41901, -5.6396484
1448470528592647492, 40.319824, -90.41901, -5.758667
1448470528612270295, 40.379333, -90.41901, -5.819702
1448470528632411896, 39.959717, -90.41901, -5.9387207
1448470528652553498, 40.078735, -90.41901, -6.1798096
1448470528672634064, 39.959717, -90.719604, -6.3598633
1448470528692897736, 40.078735, -90.89966, -6.8389893
1448470528712825714, 39.89868, -91.01868, -7.1395874
1448470528733028351, 39.779663, -90.65857, -7.319641
1448470528753169953, 39.779663, -90.478516, -7.8598022
1448470528773311554, 39.718628, -90.65857, -8.1588745
1448470528793514191, 39.65912, -90.89966, -8.518982
1448470528813564240, 39.35852, -90.719604, -8.699036
1448470528833736359, 39.239502, -90.53955, -8.999634
1448470528853908478, 38.99994, -90.41901, -9.118652
1448470528874111115, 38.819885, -90.478516, -9.359741
1448470528894771515, 38.519287, -90.77911, -9.658813
1448470528914394318, 38.21869, -91.13922, -9.899902
1448470528934535920, 37.85858, -91.43982, -10.258484
1448470528955532013, 37.799072, -91.73889, -10.438538
1448470528975734650, 37.739563, -92.21954, -10.919189
1448470528997524201, 37.379456, -92.45911, -11.219788
1448470529020564972, 37.1994, -92.819214, -11.579895
1448470529035152375, 36.898804, -92.99927, -11.878967
1448470529055293976, 36.839294, -93.359375, -12.478638
1448470529075405060, 36.71875, -93.899536, -12.539673
1448470529095668732, 36.59973, -94.07959, -12.95929
1448470529115718781, 36.419678, -94.07959, -13.259888
1448470529135890900, 36.358643, -94.37866, -13.499451
1448470529156001984, 36.419678, -94.91882, -13.978577
1448470529176143586, 36.358643, -95.399475, -14.219666
1448470529196834504, 36.479187, -95.81909, -14.639282
1448470529216530620, 36.17859, -96.11969, -14.639282
1448470529236641704, 35.998535, -96.1792, -15.238953
1448470529256752788, 35.939026, -96.4798, -15.359497
1448470529276924907, 35.639954, -96.77887, -15.7196045
1448470529297219097, 35.279846, -96.95892, -15.899658
1448470529317147075, 34.979248, -97.07947, -16.19873
1448470529337380230, 34.91974, -97.19849, -16.619873
1448470529357521831, 34.61914, -97.439575, -16.918945
1448470529377602398, 34.858704, -97.499084, -17.338562
1448470529397835552, 34.858704, -97.73865, -17.459106
1448470529417946636, 35.038757, -97.85919, -17.759705
1448470529438149273, 35.099792, -98.098755, -17.939758
1448470529458229839, 35.038757, -98.039246, -18.179321
1448470529478432476, 35.038757, -98.2193, -18.179321
1448470529499153911, 35.038757, -98.39935, -18.418884
1448470529518624126, 35.1593, -98.69995, -18.47992
1448470529538796245, 34.979248, -98.939514, -18.659973
1448470529558907329, 34.91974, -99.23859, -19.018555
1448470529579079448, 34.739685, -99.598694, -19.319153
1448470529599343120, 34.799194, -99.9588, -19.499207
1448470529619271099, 34.858704, -100.2594, -19.73877
1448470529639443218, 35.038757, -100.31891, -20.27893
1448470529659615337, 34.979248, -100.738525, -20.458984
1448470529679787456, 34.91974, -100.85907, -20.579529
1448470529699990093, 34.91974, -100.979614, -21.058655
1448470529720009624, 35.038757, -101.21918, -21.359253
1448470529740273296, 35.21881, -101.15967, -21.659851
1448470529760292827, 35.1593, -101.09863, -21.77887
1448470529780434429, 35.21881, -101.09863, -22.079468
1448470529801155864, 35.038757, -101.09863, -21.958923
1448470529820778667, 35.099792, -101.03912, -22.259521
1448470529840920269, 35.1593, -100.91858, -22.738647
1448470529861031353, 35.099792, -100.85907, -22.859192
1448470529881172954, 35.099792, -100.49896, -22.918701
1448470529901436626, 34.979248, -100.56, -23.15979
1448470529921395122, 34.858704, -100.56, -23.75946
1448470529941597759, 34.979248, -100.49896, -23.75946
1448470529961739360, 35.339355, -100.379944, -24.299622
1448470529981880962, 35.4599, -100.379944, -24.41864
1448470530002083599, 35.639954, -100.379944, -24.539185
1448470530022225200, 35.879517, -100.379944, -24.479675
1448470530042397319, 35.998535, -100.43945, -25.019836
1448470530062447368, 36.17859, -100.31891, -25.138855
1448470530082650005, 36.419678, -100.43945, -25.138855
1448470530103340923, 36.538696, -100.31891, -25.559998
1448470530123024761, 36.59973, -100.49896, -25.619507
1448470530143105327, 36.65924, -100.138855, -25.91858
1448470530163246929, 36.71875, -100.138855, -26.219177
1448470530183449566, 36.65924, -100.01984, -26.519775
1448470530203652202, 36.779785, -99.83978, -26.339722
1448470530223732769, 36.839294, -99.65973, -26.69983
1448470530243782818, 36.898804, -99.29962, -26.998901
1448470530263924419, 37.01935, -99.17908, -27.23999
1448470530284066021, 37.1994, -98.87848, -27.479553
1448470530304299175, 37.319946, -98.81897, -27.719116
1448470530325234234, 37.55951, -98.638916, -27.83966
1448470530345345318, 37.799072, -98.39935, -27.95868
1448470530371193706, 38.038635, -98.45886, -28.379822
1448470530386177837, 38.15918, -98.33984, -28.439331
1448470530406472027, 38.69934, -98.33984, -28.678894
1448470530424996196, 38.75885, -98.45886, -28.919983
1448470530445137798, 38.99994, -98.27881, -29.039001
1448470530465279400, 39.118958, -98.39935, -29.219055
1448470530485482036, 39.29901, -98.45886, -29.399109
1448470530505715191, 39.59961, -98.57941, -29.579163
1448470530525643169, 39.779663, -98.638916, -29.579163
1448470530545845806, 40.078735, -98.75946, -29.87976
1448470530565956890, 40.078735, -99.05853, -29.87976
1448470530586129009, 40.559387, -98.939514, -29.87976
1448470530606331646, 40.79895, -99.29962, -30.059814
1448470530626473247, 41.39862, -99.479675, -30.299377
1448470530646614849, 42.059326, -99.77875, -30.358887
1448470530666695415, 42.419434, -99.89929, -30.718994
1448470530686959087, 42.478943, -100.01984, -30.479431
1448470530707588970, 42.77954, -100.19989, -30.299377
1448470530727181255, 43.078613, -100.19989, -30.239868
1448470530747322857, 43.37921, -100.61951, -30.479431
1448470530767464458, 43.499756, -100.738525, -30.239868
1448470530787667095, 43.559265, -100.61951, -29.99878
1448470530808046784, 43.73932, -100.49896, -30.059814
1448470530828951325, 44.039917, -100.738525, -29.818726
1448470530849062409, 44.639587, -100.679016, -30.059814
1448470530869142976, 44.87915, -100.738525, -29.99878
1448470530889345612, 45.359802, -100.738525, -30.059814
1448470530909639802, 45.658875, -100.61951, -29.759216
1448470530929628815, 46.258545, -100.43945, -29.759216
1448470530949831452, 46.618652, -100.61951, -29.579163
1448470530975740876, 46.97876, -100.56, -29.399109
1448470530995150056, 47.279358, -100.49896, -29.579163
1448470531010775056, 47.51892, -100.61951, -29.458618
1448470531030336823, 48.059082, -100.49896, -29.399109
1448470531050478425, 48.298645, -100.2594, -29.159546
1448470531069765534, 48.599243, -99.89929, -29.278564
1448470531089815583, 48.779297, -99.89929, -29.159546
1448470531110079255, 49.139404, -99.598694, -29.3396
1448470531130037751, 49.378967, -99.41864, -29.039001
1448470531150209870, 49.679565, -99.11957, -28.799438
1448470531170351472, 49.798584, -98.87848, -28.73993
1448470531190554108, 50.039673, -98.5199, -28.678894
1448470531210756745, 50.39978, -98.45886, -28.73993
1448470531230898347, 50.698853, -98.39935, -28.379822
1448470531251039948, 50.99945, -97.97974, -28.439331
1448470531271120515, 51.298523, -97.67914, -27.95868
1448470531291292634, 51.35956, -97.19849, -28.019714
1448470531312075104, 51.779175, -96.71936, -27.719116
1448470531331606354, 52.139282, -96.29974, -27.479553
1448470531351747956, 52.43988, -96.058655, -27.178955
1448470531371950593, 52.919006, -95.57953, -26.998901
1448470531392031159, 53.279114, -95.21942, -26.818848
1448470531412355866, 53.338623, -95.21942, -26.399231
1448470531432375397, 53.579712, -94.97986, -26.278687
1448470531452425446, 53.93982, -94.97986, -25.85907
1448470531472567048, 54.179382, -94.67926, -25.79956
1448470531492739167, 54.599, -94.19861, -25.439453
1448470531512941804, 54.719543, -93.8385, -25.379944
1448470531533022370, 54.53949, -93.359375, -24.958801
1448470531553163972, 54.779053, -92.99927, -24.899292
1448470531573305573, 55.07965, -92.63916, -24.839783
1448470531593447175, 54.959106, -92.15851, -24.659729
1448470531614181012, 55.018616, -91.67938, -24.659729
1448470531633773297, 55.018616, -91.55884, -24.299622
1448470531653914899, 54.899597, -91.259766, -24.238586
1448470531673903913, 54.959106, -90.83862, -23.75946
1448470531694167584, 55.259705, -90.65857, -23.638916
1448470531714400739, 55.13916, -90.23895, -23.278809
1448470531734389752, 55.259705, -89.75983, -23.039246
1448470531754531354, 55.319214, -89.63928, -22.979736
1448470531774733991, 55.19867, -89.338684, -22.979736
1448470531794845075, 55.319214, -88.85956, -22.918701
1448470531815108747, 55.19867, -88.79852, -22.679138
1448470531835219831, 55.19867, -88.73901, -22.799683
1448470531855361432, 55.018616, -88.55896, -22.499084
1448470531875441999, 54.838562, -88.25989, -22.138977
1448470531895553082, 54.838562, -88.25989, -21.77887
1448470531916305036, 54.719543, -87.838745, -21.418762
1448470531935836286, 54.779053, -87.779236, -20.878601
1448470531955977887, 54.65851, -87.47864, -20.759583
1448470531976150006, 54.53949, -87.179565, -20.579529
1448470531996230573, 54.418945, -86.81946, -20.098877
1448470532016585797, 54.058838, -86.69891, -20.098877
1448470532036452741, 53.63922, -86.51886, -19.859314
1448470532056777448, 53.518677, -85.85968, -19.499207
1448470532076980084, 53.39966, -85.739136, -19.1391
1448470532097060651, 53.15857, -85.198975, -18.838501
1448470532117202252, 52.978516, -84.95941, -18.23883
1448470532137221784, 52.859497, -84.41925, -17.878723
1448470532157393903, 52.799988, -83.87909, -17.518616
1448470532177535504, 52.919006, -83.39996, -16.97998
1448470532197677106, 53.09906, -82.97882, -16.679382
1448470532218398541, 52.859497, -82.67975, -16.378784
1448470532238021344, 52.619934, -82.37915, -16.079712
1448470532258193463, 52.49939, -82.07855, -15.59906
1448470532278304547, 52.139282, -81.71997, -15.238953
1448470532298476666, 51.89972, -81.47888, -14.93988
1448470532318831891, 51.719666, -81.118774, -14.518738
1448470532338759870, 51.53961, -80.69916, -14.219666
1448470532358901471, 51.298523, -80.39856, -13.798523
1448470532379836530, 51.179504, -80.03998, -13.378906
1448470532400008649, 51.119995, -79.43878, -12.95929
1448470532420302838, 50.759888, -78.65906, -12.539673
1448470532440322370, 50.5188, -78.17993, -12.179565
1448470532460463971, 50.219727, -77.578735, -11.759949
1448470532486403913, 49.739075, -77.27966, -11.399841
1448470532505691022, 49.49951, -76.85852, -11.158752
1448470532521560163, 48.95935, -76.319885, -10.85968
1448470532541060895, 48.599243, -75.95978, -10.739136
1448470532561202497, 48.059082, -75.538635, -10.319519
1448470532581313581, 47.81952, -75.479126, -10.379028
1448470532601455182, 47.338867, -75.11902, -9.899902
1448470532620833844, 47.158813, -74.63989, -9.959412
1448470532640700788, 46.618652, -73.85864, -9.599304
1448470532660903424, 46.07849, -73.31848, -9.359741
1448470532681045026, 46.018982, -73.01941, -9.118652
1448470532701217145, 45.47882, -72.47925, -8.699036
1448470532721389264, 45.118713, -72.11914, -8.879089
1448470532741530866, 44.699097, -71.45996, -8.699036
1448470532761641950, 44.519043, -70.858765, -8.999634
1448470532781722516, 44.099426, -70.6192, -8.459473
1448470532801925153, 43.67981, -70.55969, -8.518982
1448470532822677106, 43.37921, -70.259094, -8.338928
1448470532842299909, 42.599487, -69.89899, -8.338928
1448470532862441510, 42.359924, -69.599915, -8.459473
1448470532882644147, 41.93878, -69.41986, -8.21991
1448470532902724713, 41.578674, -69.358826, -7.9193115
1448470532923049420, 41.09955, -69.29932, -7.499695
1448470532942977399, 40.499878, -68.93921, -7.559204
1448470532963210553, 40.25879, -68.818665, -7.4386597
1448470532983352155, 39.65912, -68.63861, -7.499695
1448470533003432721, 39.419556, -68.51959, -7.559204
1448470533023604840, 38.99994, -68.33954, -7.3791504
1448470533043685407, 38.69934, -68.218994, -7.3791504
1448470533063857526, 38.21869, -68.218994, -7.3791504
1448470533083938092, 37.799072, -68.2785, -7.6187134
1448470533104110211, 37.55951, -68.2785, -7.559204
1448470533124862165, 37.25891, -68.2785, -7.4386597
1448470533144484967, 36.95984, -68.2785, -7.1990967
1448470533164596051, 36.65924, -68.2785, -7.0785522
1448470533184615582, 36.358643, -68.159485, -7.1395874
1448470533204873204, 35.758972, -68.099976, -7.1395874
1448470533225167394, 35.51941, -68.099976, -7.1395874
1448470533245125890, 35.1593, -67.79938, -7.1395874
1448470533265328527, 34.739685, -67.85889, -7.1990967
1448470533285470128, 34.498596, -67.91992, -7.019043
1448470533305611730, 34.318542, -68.099976, -7.1990967
1448470533325844884, 33.95996, -68.159485, -7.1395874
1448470533345894933, 33.599854, -68.39905, -7.019043
1448470533366036535, 33.358765, -68.2785, -6.9595337
1448470533386117101, 33.1192, -68.39905, -7.019043
1448470533406350255, 32.998657, -68.63861, -7.1990967
1448470533426980138, 32.87964, -68.8797, -7.1990967
1448470533446602941, 32.759094, -68.51959, -7.6187134
1448470533466805578, 32.458496, -68.51959, -7.6797485
1448470533486886144, 32.339478, -68.63861, -7.9193115
1448470533507027745, 32.099915, -68.759155, -8.039856
1448470533527291417, 31.97937, -69.05975, -8.1588745
1448470533547249913, 31.498718, -68.93921, -8.039856
1448470533567452550, 31.318665, -69.11926, -7.8598022
1448470533587624669, 30.958557, -68.99872, -7.8598022
1448470533607735753, 30.479431, -69.41986, -7.798767
1448470533628090978, 30.239868, -69.659424, -7.8598022
1448470533648110509, 29.818726, -69.958496, -7.9193115
1448470533668160558, 29.579163, -69.89899, -7.978821
1448470533688271642, 29.3396, -70.07904, -7.978821
1448470533708443761, 29.219055, -70.49866, -8.1588745
1448470533729104162, 29.039001, -70.43915, -8.21991
1448470533748726964, 28.979492, -70.739746, -8.518982
1448470533768929601, 28.858948, -70.858765, -8.518982
1448470533789010167, 28.73993, -70.799255, -8.699036
1448470533809151769, 28.73993, -70.858765, -8.399963
1448470533829506994, 28.678894, -71.15936, -8.459473
1448470533849587560, 28.619385, -71.33942, -8.518982
1448470533869637609, 28.678894, -71.398926, -8.578491
1448470533889779210, 28.678894, -71.699524, -8.399963
1448470533909920812, 28.559875, -71.93909, -8.459473
1448470533930153966, 28.439331, -72.11914, -8.459473
1448470533950265050, 28.259277, -72.41974, -8.338928
1448470533970284581, 28.199768, -72.299194, -8.699036
1448470533990395665, 28.138733, -72.299194, -8.518982
1448470534010641058, 27.95868, -72.299194, -8.639526
1448470534031393011, 27.89917, -72.3587, -8.758545
1448470534051015813, 27.598572, -72.41974, -9.059143
1448470534071157415, 27.778625, -72.299194, -9.059143
1448470534091329534, 27.778625, -72.41974, -9.239197
1448470534111410101, 27.83966, -72.53876, -9.539795
1448470534131765325, 27.659607, -72.77985, -9.47876
1448470534151693304, 27.719116, -72.9599, -9.959412
1448470534171834905, 27.95868, -73.13995, -10.079956
1448470534191976507, 28.019714, -73.19946, -10.379028
1448470534212148626, 28.019714, -73.37952, -10.559082
1448470534232351263, 28.019714, -73.61908, -10.798645
1448470534252431829, 28.318787, -73.61908, -11.279297
1448470534272481878, 28.318787, -73.67859, -11.399841
1448470534292592962, 28.619385, -73.61908, -11.698914
1448470534312765081, 28.559875, -73.79913, -11.698914
1448470534333425481, 28.678894, -73.79913, -12.11853
1448470534353048284, 28.73993, -73.739624, -12.359619
1448470534373189886, 29.039001, -73.67859, -12.658691
1448470534393331487, 28.979492, -73.61908, -13.018799
1448470534413564642, 28.858948, -73.61908, -13.139343
1448470534433828313, 29.09851, -73.498535, -13.55896
1448470534453817327, 29.159546, -73.55957, -13.978577
1448470534473958929, 29.399109, -73.439026, -14.518738
1448470534494131048, 29.3396, -73.67859, -14.759827
1448470534514242132, 29.519653, -73.55957, -15.179443
1448470534534475286, 29.699707, -73.67859, -15.539551
1448470534554525335, 29.87976, -73.55957, -15.9591675
1448470534574575384, 30.119324, -73.79913, -16.43982
1448470534594747503, 30.178833, -73.91968, -16.799927
1448470534614950140, 30.358887, -74.0387, -17.338562
1448470534635641058, 30.419922, -74.339294, -17.69867
1448470534655324895, 30.778503, -74.279785, -18.23883
1448470534675435979, 31.13861, -74.51935, -18.47992
1448470534695547063, 31.318665, -74.63989, -18.959045
1448470534715688665, 31.3797, -74.938965, -19.259644
1448470534735952337, 31.498718, -74.81995, -19.67926
1448470534755941351, 31.739807, -75.05951, -19.859314
1448470534776174505, 31.739807, -75.29907, -19.918823
1448470534796255071, 32.03888, -75.41962, -20.399475
1448470534816427190, 32.159424, -75.538635, -20.639038
1448470534836599310, 32.03888, -75.71869, -21.11969
1448470534856649358, 31.97937, -76.19934, -21.11969
1448470534876851995, 32.398987, -76.379395, -21.418762
1448470534896871526, 32.57904, -76.85852, -21.659851
1448470534917013128, 32.818604, -77.21863, -21.839905
1448470534937673528, 33.299255, -77.519226, -22.019958
1448470534957296331, 33.53882, -77.69928, -22.079468
1448470534977437933, 33.718872, -78.17993, -22.31903
1448470534997640569, 34.199524, -78.29895, -22.019958
1448470535017782171, 34.67865, -78.359985, -22.37854
1448470535037954290, 34.799194, -78.53851, -22.31903
1448470535057943304, 35.099792, -78.7796, -22.198486
1448470535078115423, 35.1593, -79.25873, -22.259521
1448470535098287542, 35.398865, -79.43878, -22.198486
1448470535118429143, 35.758972, -79.79889, -22.138977
1448470535138662298, 35.758972, -80.27954, -21.958923
1448470535158712347, 35.939026, -80.999756, -22.138977
1448470535178853948, 36.11908, -81.47888, -21.958923
1448470535198903997, 36.479187, -81.8985, -21.839905
1448470535219137151, 36.59973, -82.37915, -21.479797
1448470535239797552, 37.1994, -82.73926, -21.418762
1448470535259420354, 37.319946, -83.27942, -21.299744
1448470535279561956, 37.61902, -83.699036, -20.939636
1448470535299764593, 38.038635, -84.05914, -20.458984
1448470535319936712, 38.339233, -84.35974, -19.979858
1448470535340932806, 38.578796, -84.65881, -19.439697
1448470535366262395, 38.75885, -85.198975, -18.959045
1448470535381246526, 39.05945, -85.55908, -18.598938
1448470535401327093, 39.05945, -85.67963, -17.999268
1448470535420614202, 39.479065, -86.039734, -17.57965
1448470535440755804, 39.59961, -86.45935, -17.03949
1448470535460836370, 39.718628, -86.75995, -16.43982
1448470535480977972, 39.959717, -87.11853, -15.7196045
1448470535501119573, 40.19928, -87.65869, -15.179443
1448470535521261175, 40.438843, -87.89978, -14.4592285
1448470535541921575, 40.859985, -88.25989, -13.499451
1448470535561544378, 41.279602, -88.619995, -12.838745
1448470535581685979, 41.578674, -88.91907, -11.938477
1448470535601827581, 41.879272, -89.15863, -11.158752
1448470535622115810, 42.23938, -89.45923, -10.438538
1448470535642409999, 42.658997, -89.75983, -9.838867
1448470535662337978, 42.959595, -90.17944, -8.758545
1448470535682540614, 43.37921, -90.65857, -7.978821
1448470535702651698, 43.43872, -90.83862, -7.4386597
1448470535722884853, 43.618774, -91.259766, -6.5994263
1448470535743026454, 43.67981, -91.61987, -5.999756
1448470535763107020, 43.919373, -91.97998, -5.218506
1448470535783248622, 44.21997, -92.27905, -4.4387817
1448470535803329188, 44.519043, -92.63916, -3.4194946
1448470535823531825, 44.81964, -92.63916, -2.6397705
1448470535844222743, 44.81964, -92.69867, -1.9195557
1448470535863876063, 45.17975, -92.819214, -1.0192871
1448470535883956630, 45.298767, -92.87872, -0.119018555
1448470535904098231, 45.658875, -92.87872, 1.0192871
1448470535924239833, 45.77942, -92.759705, 1.8585205
1448470535944595058, 46.018982, -92.69867, 2.999878
1448470535964462001, 46.018982, -92.57965, 3.8986206
1448470535984664638, 46.07849, -92.3996, 4.8599243
1448470536004806239, 46.499634, -92.21954, 5.8792114
1448470536024947841, 46.559143, -92.15851, 6.9595337
1448470536045180995, 46.739197, -91.73889, 7.8598022
1448470536065292079, 46.85974, -91.61987, 8.758545
1448470536085372645, 47.099304, -91.19873, 9.539795
1448470536105483729, 47.338867, -90.83862, 10.018921
1448470536125686366, 47.279358, -90.478516, 10.978699
1448470536146346767, 47.579956, -90.17944, 11.51886
1448470536165908534, 47.698975, -89.63928, 12.239075
1448470536186111171, 47.81952, -89.03961, 12.719727
1448470536206252772, 48.298645, -88.73901, 13.319397
1448470536226485927, 48.4787, -88.0188, 13.919067
1448470536246719081, 48.719788, -87.59918, 14.759827
1448470536266738612, 48.658752, -86.94, 15.119934
1448470536286819179, 49.139404, -86.2793, 15.238953
1448470536307021815, 49.198914, -85.43854, 15.899658
1448470536326980312, 49.25995, -84.77936, 15.9591675
1448470536347305019, 49.49951, -84.05914, 16.259766
1448470536367355067, 49.49951, -83.21991, 16.319275
1448470536387466151, 49.679565, -82.43866, 16.43982
1448470536407711537, 49.61853, -81.71997, 16.378784
1448470536427853139, 49.85962, -80.999756, 16.97998
1448470536448513539, 49.91913, -80.218506, 17.03949
1448470536468105825, 50.099182, -79.31976, 16.97998
1448470536488277944, 50.219727, -78.359985, 16.97998
1448470536508389028, 50.39978, -77.519226, 16.738892
1448470536528530629, 50.39978, -76.7395, 16.738892
1448470536548824819, 50.39978, -75.83923, 16.378784
1448470536568813832, 50.759888, -74.81995, 16.19873
1448470536588955434, 50.819397, -73.79913, 15.478516
1448470536609097036, 50.878906, -73.01941, 14.878845
1448470536629330190, 50.878906, -72.239685, 14.279175
1448470536649563344, 51.119995, -71.27991, 13.739014
1448470536669643911, 51.05896, -70.37964, 13.378906
1448470536689785512, 51.119995, -69.29932, 12.719727
1448470536709866079, 51.05896, -68.699646, 12.179565
1448470536730190786, 51.05896, -67.85889, 11.279297
1448470536750729116, 51.179504, -66.8396, 10.919189
1448470536770351918, 51.239014, -65.75928, 10.079956
1448470536790524037, 51.35956, -64.678955, 9.359741
1448470536810635121, 51.239014, -63.95874, 8.578491
1448470536830776723, 51.179504, -63.059998, 7.319641
1448470536851101430, 51.298523, -62.098694, 6.298828
1448470536870968373, 51.53961, -61.079407, 5.0994873
1448470536891171010, 51.419067, -60.238647, 4.1397095
1448470536911221059, 51.239014, -59.698486, 2.758789
1448470536931393178, 51.419067, -59.098816, 1.6799927
1448470536951595815, 51.35956, -58.558655, 0.47912598
1448470536971737416, 51.35956, -57.958984, -0.8392334
1448470536991817983, 51.35956, -57.11975, -2.0385742
1448470537011868032, 51.239014, -56.399536, -3.3599854
1448470537032101186, 51.119995, -56.03943, -4.499817
1448470537052761586, 50.99945, -55.259705, -6.059265
1448470537072384389, 51.05896, -54.53949, -7.4386597
1448470537092556508, 50.819397, -53.878784, -8.81958
1448470537112667592, 50.639343, -53.338623, -10.018921
1448470537132809194, 50.5188, -52.679443, -11.459351
1448470537153164418, 50.45929, -52.19879, -12.719727
1448470537173092397, 50.338745, -51.95923, -14.039612
1448470537193233998, 50.338745, -51.179504, -15.539551
1448470537213375600, 50.15869, -50.639343, -16.499329
1448470537233517202, 50.099182, -50.39978, -17.878723
1448470537253750356, 50.099182, -49.91913, -19.198608
1448470537273800405, 49.978638, -49.55902, -20.518494
1448470537294033559, 49.739075, -49.49951, -21.839905
1448470537314175161, 49.438477, -49.49951, -23.15979
1448470537334377797, 49.378967, -49.198914, -24.479675
1448470537354977162, 49.01886, -49.139404, -25.619507
1448470537374508412, 48.89984, -49.01886, -27.059937
1448470537394650014, 48.658752, -48.838806, -28.199768
1448470537414791616, 48.298645, -48.89984, -29.579163
1448470537434933217, 48.11859, -48.719788, -30.839539
1448470537455227407, 47.999573, -48.539734, -31.97937
1448470537475155385, 48.11859, -48.35968, -33.059692
1448470537495358022, 47.87903, -48.298645, -34.13849
1448470537515499623, 47.758484, -48.11859, -35.21881
1448470537535641225, 47.45941, -48.059082, -36.299133
1448470537555874379, 47.21985, -48.11859, -37.55951
1448470537575924428, 47.21985, -48.059082, -38.459778
1448470537596066030, 47.099304, -48.11859, -39.419556
1448470537616207631, 46.798706, -48.298645, -40.438843
1448470537636410268, 46.31958, -48.41919, -41.459656
1448470537657131704, 46.139526, -48.539734, -42.359924
1448470537676693471, 46.018982, -48.779297, -43.319702
1448470537696896108, 45.77942, -49.139404, -44.33899
1448470537716976674, 45.599365, -49.319458, -45.118713
1448470537737118276, 45.239258, -49.739075, -46.139526
1448470537757473500, 44.87915, -50.039673, -46.85974
1448470537777340444, 44.81964, -50.338745, -47.579956
1448470537797482045, 44.758606, -50.639343, -48.179626
1448470537817623647, 44.3985, -51.179504, -48.95935
1448470537837765248, 43.919373, -51.419067, -49.61853
1448470537857967885, 43.79883, -51.95923, -50.219727
1448470537878048452, 43.499756, -52.259827, -50.759888
1448470537898190053, 43.499756, -52.738953, -51.239014
1448470537918270620, 43.319702, -53.03955, -51.838684
1448470537938473256, 42.83905, -53.579712, -52.43988
1448470537959133657, 42.718506, -54.058838, -53.03955
1448470537978695424, 42.77954, -54.359436, -53.39966
1448470537998898061, 42.959595, -55.018616, -53.93982
1448470538019277783, 42.83905, -55.499268, -54.23889
1448470538039419384, 42.89856, -55.97992, -54.53949
1448470538059713574, 42.77954, -56.518555, -54.779053
1448470538079702587, 42.718506, -56.999207, -55.319214
1448470538099874706, 42.599487, -57.418823, -55.43976
1448470538120016308, 42.359924, -58.018494, -55.799866
1448470538140127392, 42.118835, -58.558655, -55.97992
1448470538160391064, 42.059326, -59.399414, -56.098938
1448470538180441113, 41.999817, -59.87854, -56.3385
1448470538200643749, 41.63971, -60.479736, -56.399536
1448470538220663281, 41.39862, -60.958862, -56.399536
1448470538240926953, 41.218567, -61.679077, -56.27899
1448470538261617871, 41.218567, -62.339783, -56.6391
1448470538281210156, 41.218567, -62.7594, -56.459045
1448470538301351757, 41.038513, -63.35907, -56.69861
1448470538321432324, 40.859985, -63.659668, -56.6391
1448470538341634960, 40.618896, -64.31885, -56.57959
1448470538361929150, 40.618896, -65.03906, -56.459045
1448470538381765576, 40.438843, -65.519714, -56.6391
1448470538401937695, 40.67993, -66.119385, -56.459045
1448470538422018261, 40.67993, -66.47949, -56.27899
1448470538442159863, 40.67993, -67.07916, -56.399536
1448470538462393017, 40.438843, -67.67883, -56.3385
1448470538482504101, 40.438843, -68.159485, -56.3385
1448470538502615185, 40.499878, -68.63861, -56.219482
1448470538522695751, 40.438843, -69.11926, -56.27899
1448470538542928906, 40.438843, -69.659424, -56.159973
1448470538563558789, 40.078735, -70.13855, -56.159973
1448470538583181591, 39.89868, -70.799255, -56.03943
1448470538603414746, 39.718628, -71.21887, -55.73883
1448470538623556347, 39.839172, -71.87958, -55.73883
1448470538643697949, 39.65912, -72.47925, -55.67932
1448470538664266796, 39.839172, -73.07892, -55.73883
1448470538689871044, 39.779663, -73.498535, -55.859375
1448470538705099316, 39.959717, -73.79913, -55.799866
1448470538725057812, 40.13977, -73.97919, -55.859375
1448470538745352001, 40.078735, -74.15924, -55.73883
1448470538765463085, 40.019226, -74.45984, -55.799866
1448470538784628124, 39.959717, -74.51935, -55.378723
1448470538804800244, 40.13977, -74.45984, -55.19867
1448470538824984680, 39.839172, -74.339294, -55.13916
1448470538845065246, 39.65912, -74.63989, -54.899597
1448470538865756164, 39.65912, -75.11902, -54.838562
1448470538885440002, 39.839172, -75.479126, -54.47998
1448470538905551086, 39.89868, -75.83923, -54.359436
1448470538925631652, 39.89868, -75.95978, -54.179382
1448470538945803771, 39.779663, -76.19934, -54.23889
1448470538966097961, 39.839172, -76.4389, -54.119873
1448470538986086974, 39.779663, -76.55945, -54.179382
1448470539006289611, 39.89868, -76.7395, -54.119873
1448470539026522766, 39.538574, -76.67999, -53.99933
1448470539046603332, 39.35852, -76.67999, -54.179382
1448470539066836486, 39.179993, -76.55945, -54.23889
1448470539086764465, 39.179993, -76.79901, -54.299927
1448470539106967101, 39.179993, -76.85852, -54.359436
1448470539127017150, 38.938904, -76.979065, -54.359436
1448470539147219787, 38.819885, -77.33917, -53.99933
1448470539167910705, 38.99994, -77.39868, -53.93982
1448470539187533508, 38.99994, -77.33917, -53.819275
1448470539207644592, 38.69934, -77.45972, -53.518677
1448470539227816711, 38.879395, -77.63977, -53.579712
1448470539247927795, 38.879395, -77.519226, -53.39966
1448470539268221984, 38.879395, -77.63977, -53.279114
1448470539288180480, 38.819885, -77.519226, -53.39966
1448470539308383117, 39.05945, -77.27966, -53.579712
1448470539328463683, 38.819885, -77.21863, -53.459167
1448470539348666320, 38.819885, -77.15912, -53.518677
1448470539368838439, 38.99994, -77.15912, -53.759766
1448470539388919006, 38.99994, -77.15912, -53.759766
1448470539409060607, 38.99994, -77.21863, -54.119873
1448470539429110656, 38.99994, -77.33917, -54.058838
1448470539449313293, 39.179993, -77.27966, -53.99933
1448470539470004211, 39.118958, -77.519226, -53.819275
1448470539489627014, 39.239502, -77.578735, -53.93982
1448470539509738098, 39.35852, -77.819824, -53.99933
1448470539529910217, 39.35852, -77.578735, -53.99933
1448470539550143371, 39.479065, -77.578735, -53.93982
1448470539570315490, 39.59961, -77.69928, -53.759766
1448470539590304504, 39.59961, -77.578735, -53.878784
1448470539610476623, 39.419556, -77.75879, -53.819275
1448470539630618224, 39.538574, -77.519226, -54.058838
1448470539650759826, 39.419556, -77.39868, -53.759766
1448470539670962463, 39.29901, -77.15912, -53.819275
1448470539691073547, 39.35852, -77.39868, -53.759766
1448470539711184631, 39.05945, -77.39868, -53.579712
1448470539731234680, 38.938904, -77.33917, -53.518677
1448470539751498351, 38.69934, -77.27966, -53.39966
1448470539772128234, 38.519287, -77.39868, -53.279114
1448470539791812072, 38.279724, -77.75879, -53.219604
1448470539811923156, 38.21869, -77.69928, -53.338623
1448470539832186828, 38.279724, -77.819824, -52.919006
1448470539852267394, 38.09967, -77.87933, -52.978516
1448470539872500549, 38.15918, -77.99988, -53.03955
1448470539892611633, 38.038635, -78.17993, -52.799988
1448470539912692199, 38.339233, -78.419495, -52.919006
1448470539932711730, 38.279724, -78.29895, -52.738953
1448470539952914367, 38.398743, -78.23944, -52.5589
1448470539973117004, 38.398743, -78.419495, -52.5589
1448470539993197570, 38.398743, -78.59955, -52.919006
1448470540013369689, 38.339233, -78.53851, -52.799988
1448470540033480773, 38.459778, -78.59955, -52.679443
1448470540053744445, 38.63983, -78.479004, -52.738953
1448470540074374328, 38.578796, -78.479004, -52.738953
1448470540093966613, 38.69934, -78.7796, -52.859497
1448470540114108215, 38.819885, -78.7796, -52.799988
1448470540134249816, 38.99994, -78.89862, -52.859497
1448470540154452453, 38.99994, -79.078674, -52.619934
1448470540174655090, 39.179993, -79.19922, -52.619934
1448470540194674621, 39.239502, -79.19922, -52.679443
1448470540214816223, 39.239502, -79.25873, -52.679443
1448470540234957824, 39.118958, -79.078674, -52.679443
1448470540255099426, 39.239502, -78.83911, -52.679443
1448470540275241027, 39.179993, -78.59955, -52.679443
1448470540295260558, 39.118958, -78.359985, -52.738953
1448470540315432678, 39.179993, -78.23944, -52.919006
1448470540335513244, 38.99994, -78.17993, -53.219604
1448470540355685363, 38.819885, -77.99988, -53.338623
1448470540376376281, 38.75885, -77.819824, -53.459167
1448470540395999084, 38.938904, -77.87933, -53.338623
1448470540416317882, 38.938904, -77.99988, -53.579712
1448470540436551036, 39.05945, -78.1189, -53.69873
1448470540456631602, 39.29901, -78.29895, -53.63922
1448470540476895274, 39.239502, -78.05939, -53.579712
1448470540496884288, 39.479065, -77.87933, -53.459167
1448470540517056407, 39.65912, -77.87933, -53.279114
1448470540537167491, 39.779663, -78.05939, -53.219604
1448470540557309093, 39.479065, -77.87933, -53.459167
1448470540577481212, 39.419556, -77.75879, -53.39966
1448470540597531260, 39.419556, -77.63977, -53.518677
1448470540617672862, 39.118958, -77.519226, -53.518677
1448470540637783946, 39.118958, -77.69928, -53.63922
1448470540657956065, 39.05945, -77.87933, -53.39966
1448470540678738536, 38.938904, -77.87933, -53.579712
1448470540698452891, 38.819885, -77.99988, -53.63922
1448470540719326915, 39.179993, -77.99988, -53.579712
1448470540739499034, 39.179993, -78.05939, -53.518677
1448470540759549083, 39.179993, -78.17993, -53.518677
1448470540779904307, 39.29901, -78.23944, -53.579712
1448470540805233897, 39.179993, -78.29895, -53.579712
1448470540820156993, 39.118958, -78.17993, -53.759766
1448470540840084971, 39.118958, -78.1189, -53.759766
1448470540860287608, 39.179993, -77.87933, -53.819275
1448470540880490245, 39.05945, -77.99988, -53.819275
1448470540900509776, 39.05945, -77.93884, -53.819275
1448470540919766368, 38.879395, -77.69928, -53.759766
1448470540940060557, 38.819885, -77.519226, -53.819275
1448470540960141124, 38.819885, -77.45972, -53.819275
1448470540980801524, 38.819885, -77.45972, -53.69873
1448470541000363292, 38.99994, -77.45972, -53.63922
1448470541020504893, 38.75885, -77.578735, -53.579712
1448470541040646495, 38.75885, -77.578735, -53.459167
1448470541060879649, 38.63983, -77.578735, -53.39966
1448470541081143321, 38.519287, -77.87933, -53.338623
1448470541101162852, 38.578796, -77.99988, -53.09906
1448470541121365489, 38.63983, -77.87933, -53.09906
1448470541141415538, 38.69934, -78.05939, -53.09906
1448470541161648692, 38.459778, -78.17993, -52.978516
1448470541181790294, 38.63983, -78.17993, -52.978516
1448470541201840343, 38.398743, -78.29895, -52.799988
1448470541222055243, 38.519287, -78.29895, -52.919006
1448470541248330878, 38.63983, -78.17993, -52.799988
1448470541263345526, 38.459778, -78.17993, -52.738953
1448470541283853339, 38.398743, -78.29895, -52.859497
1448470541303537177, 38.339233, -78.359985, -52.919006
1448470541323556708, 38.279724, -78.419495, -53.15857
1448470541343759345, 38.15918, -78.29895, -52.978516
1448470541363931464, 38.459778, -78.17993, -52.978516
1448470541384134101, 38.279724, -78.17993, -52.738953
1448470541409372138, 38.279724, -78.29895, -52.859497
1448470541424234198, 38.459778, -78.17993, -52.799988
1448470541444406317, 38.578796, -78.05939, -52.5589
1448470541464608954, 38.63983, -78.05939, -52.378845
1448470541484781073, 38.69934, -78.05939, -52.079773
1448470541504922675, 38.75885, -78.05939, -52.19879
1448470541525064276, 38.819885, -78.17993, -52.319336
1448470541550943183, 39.118958, -78.29895, -52.49939
1448470541565835761, 39.179993, -78.1189, -52.43988
1448470541586068915, 39.05945, -78.29895, -52.49939
1448470541605691718, 39.05945, -78.23944, -52.49939
1448470541625711249, 39.05945, -77.93884, -52.5589
1448470541645913886, 39.179993, -77.93884, -52.799988
1448470541665872382, 39.239502, -77.819824, -52.738953
1448470541685434149, 39.179993, -77.69928, -52.799988
1448470541705331610, 39.05945, -77.69928, -52.679443
1448470541725595282, 39.118958, -77.63977, -52.619934
1448470541745675849, 39.239502, -77.69928, -52.738953
1448470541765817450, 39.179993, -77.75879, -52.619934
1448470541786050604, 39.05945, -77.87933, -52.799988
1448470541806100653, 39.05945, -77.87933, -52.619934
1448470541826364325, 39.179993, -77.93884, -52.679443
1448470541846414374, 38.99994, -78.05939, -52.679443
1448470541866586493, 38.879395, -77.99988, -52.919006
1448470541887277411, 38.99994, -78.17993, -52.859497
1448470541906930731, 38.938904, -78.05939, -52.919006
1448470541927865790, 39.05945, -77.99988, -53.03955
1448470541948037909, 39.05945, -78.1189, -52.978516
1448470541967569159, 38.879395, -77.99988, -53.219604
1448470541987497138, 38.879395, -78.05939, -53.15857
1448470542007486151, 38.99994, -77.87933, -53.338623
1448470542027749823, 39.179993, -77.93884, -53.219604
1448470542047891425, 38.879395, -77.93884, -53.338623
1448470542068033026, 38.69934, -77.93884, -53.338623
1448470542088296698, 38.879395, -77.93884, -53.39966
1448470542108316229, 38.879395, -77.93884, -53.338623
1448470542128457831, 39.179993, -77.93884, -53.338623
1448470542148538397, 39.239502, -78.05939, -53.338623
1448470542168741034, 39.35852, -78.05939, -53.279114
1448470542189401434, 39.179993, -77.819824, -53.15857
1448470542208993720, 39.29901, -77.93884, -52.978516
1448470542230050849, 39.479065, -77.87933, -52.978516
1448470542250070380, 39.29901, -77.87933, -52.978516
1448470542270211981, 39.35852, -77.63977, -53.15857
1448470542290597724, 39.419556, -77.75879, -53.219604
1448470542315866278, 38.938904, -77.63977, -52.978516
1448470542330972479, 38.69934, -77.69928, -52.919006
1448470542350930976, 38.69934, -77.75879, -52.799988
1448470542371011542, 38.75885, -77.578735, -53.03955
1448470542391183661, 38.63983, -77.45972, -53.03955
1448470542411325263, 38.578796, -77.39868, -53.15857
1448470542431344794, 38.519287, -77.578735, -52.919006
1448470542457132147, 38.459778, -77.39868, -52.919006
1448470542470956610, 38.519287, -77.45972, -53.219604
